Action,Time,ISIN,Ticker,Name,Notes,ID,No. of shares,Price / share,Currency (Price / share),Exchange rate,Result,Currency (Result),Total,Currency (Total),Withholding tax,Currency (Withholding tax),Charge amount,Currency (Charge amount),Deposit fee,Currency (Deposit fee),Stamp duty reserve tax,Currency (Stamp duty reserve tax),Currency conversion fee,Currency (Currency conversion fee),Record Date,Total (CCY)
Dividend (Dividend),2025-01-03 11:00:32,CA1363851017,CNQ,"Canadian Natural Resources",,,0.2043490000,0.332202,USD,0.73653800,,,0.05,"GBP",0.01,USD,,,,,,,,,,
Dividend (Dividend),2025-01-09 13:50:28,US79466L3024,CRM,"Salesforce",,,1.3470185000,0.340000,USD,0.80788400,,,0.37,"GBP",0.08,USD,,,,,,,,,,
Dividend (Dividend),2025-01-10 13:38:14,IE00BTN1Y115,MDT,"Medtronic",,,0.0932290000,0.525000,USD,0.81724000,,,0.04,"GBP",0.02,USD,,,,,,,,,,
Dividend (Dividend),2025-01-10 13:44:59,US00123Q1040,AGNC,"AGNC Investment",,,1.2613300000,0.102000,USD,0.77726900,,,0.10,"GBP",0.02,USD,,,,,,,,,,
Dividend (Dividend),2025-01-15 13:19:14,US85254J1025,STAG,"STAG Industrial",,,0.1502270000,0.104833,USD,0.63497100,,,0.01,"GBP",0.00,USD,,,,,,,,,,
Dividend (Dividend),2025-01-15 13:39:42,US0084921008,ADC,"Agree Realty",,,0.1016940000,0.215050,USD,0.91452400,,,0.02,"GBP",0.00,USD,,,,,,,,,,
Dividend (Dividend),2025-01-15 13:50:36,US56035L1044,MAIN,"Main Street Capital",,,0.1494880000,0.212500,USD,0.94440000,,,0.03,"GBP",0.01,USD,,,,,,,,,,
Dividend (Dividend),2025-01-15 14:07:32,US7561091049,O,"Realty Income",,,0.1342730000,0.224400,USD,0.66377100,,,0.02,"GBP",0.01,USD,,,,,,,,,,
Dividend (Dividend),2025-01-22 09:11:19,US74348T1025,PSEC,"Prospect Capital",,,3.1050400000,0.038250,USD,0.84197900,,,0.10,"GBP",0.02,USD,,,,,,,,,,
Dividend (Dividend),2025-01-27 12:56:33,US38147U1079,GSBD,"Goldman Sachs BDC",,,0.7406610000,0.382500,USD,0.81185200,,,0.23,"GBP",0.05,USD,,,,,,,,,,
Market sell,2025-01-27 16:00:11,US0231351067,AMZN,"Amazon",,EOF27259182914,0.0538904000,232.2600000000,USD,1.24667174,3.67,"GBP",10.02,"GBP",,,,,,,,,0.02,"GBP",,
Market sell,2025-01-27 16:00:11,US79466L3024,CRM,"Salesforce",,EOF27259182907,0.0101583000,345.5400000000,USD,1.24914554,0.77,"GBP",2.81,"GBP",,,,,,,,,,,,
Market sell,2025-01-27 16:00:11,US30303M1027,META,"Meta Platforms",,EOF27259182911,0.0874937000,657.3200000000,USD,1.24726434,18.18,"GBP",46.04,"GBP",,,,,,,,,0.07,"GBP",,
Market sell,2025-01-27 16:00:11,US02079K3059,GOOGL,"Alphabet (Class A)",,EOF27259182921,0.0349116000,195.7200000000,USD,1.24687926,1.67,"GBP",5.47,"GBP",,,,,,,,,0.01,"GBP",,
Market sell,2025-01-27 16:00:12,US01609W1027,BABA,"Alibaba",,EOF27259182927,0.2066520000,90.5500000000,USD,1.24748924,1.20,"GBP",14.98,"GBP",,,,,,,,,0.02,"GBP",,
Market sell,2025-01-27 16:00:13,US46625H1005,JPM,"JPMorgan Chase & Co",,EOF27259182936,0.1154009000,263.9000000000,USD,1.24710473,8.08,"GBP",24.38,"GBP",,,,,,,,,0.04,"GBP",,
Market sell,2025-01-27 16:00:34,US58733R1023,MELI,"MercadoLibre",,EOF27259183159,0.0041348800,1852.0000000000,USD,1.24719833,0.49,"GBP",6.13,"GBP",,,,,,,,,0.01,"GBP",,
Market buy,2025-01-27 16:00:35,US5949181045,MSFT,"Microsoft",,EOF27259183170,0.0486741000,429.6800000000,USD,1.24786916,,,16.79,"GBP",,,,,,,,,0.03,"GBP",,
Market buy,2025-01-27 16:00:35,US0378331005,AAPL,"Apple",,EOF27259183176,0.2453120000,227.8400000000,USD,1.24758674,,,44.87,"GBP",,,,,,,,,0.07,"GBP",,
Market buy,2025-01-27 16:00:35,US67066G1040,NVDA,"Nvidia",,EOF27259183179,0.3243496000,122.9300000000,USD,1.24756872,,,32.01,"GBP",,,,,,,,,0.05,"GBP",,
Market buy,2025-01-27 16:00:35,IE000I8KRLL9,SEC0,"iShares MSCI Global Semiconductors (Acc)",,EOF27259183182,0.9213700000,6.9020000000,EUR,1.18865340,,,5.36,"GBP",,,,,,,,,0.01,"GBP",,
Market buy,2025-01-27 16:00:38,US88032Q1094,TCEHY,"Tencent",,EOF27259183187,0.2943360000,51.1200000000,USD,1.24763319,,,12.08,"GBP",,,,,,,,,0.02,"GBP",,
Dividend (Dividend),2025-01-29 12:55:01,IE00B2NPKV68,SEMB,"iShares J.P. Morgan USD EM Bond (Dist)",,,0.0803485700,37.895328,GBX,0.01000000,,,0.03,"GBP",0.00,GBX,,,,,,,,,,
Dividend (Dividend),2025-01-29 12:57:30,IE00BDD48R20,VUSC,"Vanguard USD Corporate 1-3 Year Bond (Dist)",,,0.0595740000,0.216301,EUR,0.77604100,,,0.01,"GBP",-0.00,EUR,,,,,,,,,,
Dividend (Dividend),2025-01-29 12:59:33,IE00B42WWV65,VGOV,"Vanguard U.K. Gilt (Dist)",,,0.4662150000,0.065661,GBP,1.00000000,,,0.03,"GBP",0.00,GBP,,,,,,,,,,
Dividend (Dividend),2025-01-29 13:08:24,CA0641491075,BNS,"Bank of Nova Scotia",,,0.0977930000,0.625903,USD,0.81687400,,,0.05,"GBP",0.01,USD,,,,,,,,,,
Dividend (Dividend),2025-01-31 12:08:38,IE00B7N3YW49,SSHY,"PIMCO US Short-Term High Yield Corporate Bond (Dist)",,,0.0307940000,0.424106,GBP,1.00000000,,,0.01,"GBP",-0.00,GBP,,,,,,,,,,
Dividend (Dividend),2025-01-31 12:16:52,US5021751020,LTC,"LTC Properties",,,0.1999160000,0.161500,USD,0.92918300,,,0.03,"GBP",0.01,USD,,,,,,,,,,
Dividend (Dividend),2025-01-31 12:30:47,US46625H1005,JPM,"JPMorgan Chase & Co",,,1.2932975000,1.062500,USD,0.80778500,,,1.11,"GBP",0.24,USD,,,,,,,,,,
Dividend (Dividend),2025-02-03 13:11:36,GB0002875804,BATS,"British American Tobacco",,,0.2700786000,58.880000,GBX,0.01000000,,,0.16,"GBP",0.00,GBX,,,,,,,,,,
Dividend (Dividend),2025-02-03 13:29:43,US00206R1023,T,"AT&T",,,0.3196020000,0.235875,USD,0.79590200,,,0.06,"GBP",0.01,USD,,,,,,,,,,
Dividend (Dividend),2025-02-11 08:57:21,US00123Q1040,AGNC,"AGNC Investment",,,1.2613300000,0.102000,USD,0.77726900,,,0.10,"GBP",0.02,USD,,,,,,,,,,
Stock distribution,2025-02-11 10:49:23,US42227T1051,HCWC,"Healthy Choice Wellness",,EOF27961286193,0.4300509000,0E-10,USD,,,,0.00,"GBP",,,,,,,,,,,,
Market sell,2025-02-11 12:10:42,US422CNT0228,HCMC.CNT,"Healthy Choice - CorpAct",,EOF28001203600,0.4300509000,0E-10,USD,,0.00,"GBP",0.00,"GBP",,,,,,,,,,,,
Dividend (Dividend),2025-02-13 13:30:36,US0378331005,AAPL,"Apple",,,2.0905654000,0.212500,USD,0.81036300,,,0.36,"GBP",0.08,USD,,,,,,,,,,
Dividend (Dividend),2025-02-14 12:26:31,US56035L1044,MAIN,"Main Street Capital",,,0.1494880000,0.212500,USD,0.94440000,,,0.03,"GBP",0.01,USD,,,,,,,,,,
Dividend (Dividend),2025-02-14 12:37:35,US0084921008,ADC,"Agree Realty",,,0.1016940000,0.215050,USD,0.91452400,,,0.02,"GBP",0.00,USD,,,,,,,,,,
Dividend (Dividend),2025-02-14 12:50:03,US7561091049,O,"Realty Income",,,0.1342730000,0.224400,USD,0.66377100,,,0.02,"GBP",0.01,USD,,,,,,,,,,
Dividend (Dividend),2025-02-18 15:03:17,US85254J1025,STAG,"STAG Industrial",,,0.1502270000,0.105542,USD,0.63070600,,,0.01,"GBP",0.00,USD,,,,,,,,,,
Dividend (Dividend),2025-02-19 12:08:19,US74348T1025,PSEC,"Prospect Capital",,,3.1050400000,0.038250,USD,0.75778100,,,0.09,"GBP",0.02,USD,,,,,,,,,,
Dividend (Dividend),2025-02-24 10:31:02,CA7800871021,RY,"Royal Bank of Canada",,,0.0621065000,0.886022,USD,0.72690600,,,0.04,"GBP",0.01,USD,,,,,,,,,,
Dividend (Dividend),2025-02-26 13:47:02,CA0636711016,BMO,"Bank of Montreal",,,0.0768810000,0.943133,USD,0.82748300,,,0.06,"GBP",0.01,USD,,,,,,,,,,
Dividend (Dividend),2025-02-26 13:54:00,IE00B42WWV65,VGOV,"Vanguard U.K. Gilt (Dist)",,,0.4662150000,0.052018,GBP,1.00000000,,,0.02,"GBP",0.00,GBP,,,,,,,,,,
Dividend (Dividend),2025-02-26 13:56:04,IE00BDD48R20,VUSC,"Vanguard USD Corporate 1-3 Year Bond (Dist)",,,0.0595740000,0.173240,EUR,0.96893600,,,0.01,"GBP",0.00,EUR,,,,,,,,,,
Dividend (Dividend),2025-02-26 14:02:05,IE00B2NPKV68,SEMB,"iShares J.P. Morgan USD EM Bond (Dist)",,,0.0803485700,39.678772,GBX,0.01000000,,,0.03,"GBP",0.00,GBX,,,,,,,,,,
Dividend (Dividend),2025-02-28 14:02:33,US5021751020,LTC,"LTC Properties",,,0.1999160000,0.161500,USD,0.92918300,,,0.03,"GBP",0.01,USD,,,,,,,,,,
Dividend (Dividend),2025-02-28 14:10:32,IE00B7N3YW49,SSHY,"PIMCO US Short-Term High Yield Corporate Bond (Dist)",,,0.0307940000,0.583144,GBP,1.00000000,,,0.02,"GBP",-0.00,GBP,,,,,,,,,,
Market buy,2025-03-03 19:58:14,US0231351067,AMZN,"Amazon",,EOF29010584083,0.0516340000,206.4200000000,USD,1.26884408,,,8.41,"GBP",,,,,,,,,0.01,"GBP",,
Market buy,2025-03-03 19:58:14,US02079K3059,GOOGL,"Alphabet (Class A)",,EOF29010584086,0.1916617000,168.0200000000,USD,1.26933381,,,25.41,"GBP",,,,,,,,,0.04,"GBP",,
Market buy,2025-03-03 19:58:17,US79466L3024,CRM,"Salesforce",,EOF29010584094,0.0151921000,295.3100000000,USD,1.27092890,,,3.54,"GBP",,,,,,,,,0.01,"GBP",,
Market sell,2025-03-03 19:58:42,US0378331005,AAPL,"Apple",,EOF29010584126,0.1380723000,240.3500000000,USD,1.26905075,4.93,"GBP",26.11,"GBP",,,,,,,,,0.04,"GBP",,
Market sell,2025-03-03 19:58:42,US46625H1005,JPM,"JPMorgan Chase & Co",,EOF29010584130,0.0048706000,260.9500000000,USD,1.27098307,0.31,"GBP",1.00,"GBP",,,,,,,,,,,,
Market sell,2025-03-03 19:58:44,US30303M1027,META,"Meta Platforms",,EOF29010584135,0.0181077000,660.4900000000,USD,1.26963426,3.64,"GBP",9.41,"GBP",,,,,,,,,0.01,"GBP",,
Market sell,2025-03-03 19:58:45,US01609W1027,BABA,"Alibaba",,EOF29010584142,1.0506949000,131.0800000000,USD,1.26912170,38.38,"GBP",108.36,"GBP",,,,,,,,,0.16,"GBP",,
Market sell,2025-03-03 19:58:46,US88032Q1094,TCEHY,"Tencent",,EOF29010584146,0.8506440000,61.6200000000,USD,1.26916908,10.69,"GBP",41.24,"GBP",,,,,,,,,0.06,"GBP",,
Market sell,2025-03-03 19:59:05,US58733R1023,MELI,"MercadoLibre",,EOF29010584174,0.0124868900,2090.6400000000,USD,1.26910995,3.50,"GBP",20.54,"GBP",,,,,,,,,0.03,"GBP",,
Market buy,2025-03-03 19:59:05,US0231351067,AMZN,"Amazon",,EOF29010584189,0.2867138000,206.2000000000,USD,1.26922253,,,46.65,"GBP",,,,,,,,,0.07,"GBP",,
Market buy,2025-03-03 19:59:05,US79466L3024,CRM,"Salesforce",,EOF29010584192,0.2007156000,294.9900000000,USD,1.26921961,,,46.72,"GBP",,,,,,,,,0.07,"GBP",,
Market buy,2025-03-03 19:59:06,US0567521085,BIDU,"Baidu",,EOF29010584204,0.1454240000,84.8800000000,USD,1.26861142,,,9.74,"GBP",,,,,,,,,0.01,"GBP",,
Market buy,2025-03-03 19:59:06,US02079K3059,GOOGL,"Alphabet (Class A)",,EOF29010584198,0.3520034000,167.8100000000,USD,1.26922412,,,46.61,"GBP",,,,,,,,,0.07,"GBP",,
Market buy,2025-03-03 19:59:06,US5949181045,MSFT,"Microsoft",,EOF29010584201,0.1284067000,392.7100000000,USD,1.26923219,,,39.79,"GBP",,,,,,,,,0.06,"GBP",,
Market buy,2025-03-03 19:59:06,US67066G1040,NVDA,"Nvidia",,EOF29010584195,0.1478200000,115.1400000000,USD,1.26920170,,,13.43,"GBP",,,,,,,,,0.02,"GBP",,
Market buy,2025-03-04 08:00:15,IE00B1TXK627,DH2O,"iShares Global Water (Dist)",,EOF29012262476,0.1359870000,66.0500000000,USD,1.27043017,,,7.08,"GBP",,,,,,,,,0.01,"GBP",,
Market buy,2025-03-04 08:00:33,IE0032077012,EQQQ,"Invesco EQQQ Nasdaq-100 (Dist)",,EOF29012265543,0.0061960200,39380.0000000000,GBX,100.00000000,,,2.44,"GBP",,,,,,,,,,,,
Market buy,2025-03-04 08:00:35,IE00BK5BC891,GLGG,"L&G Clean Water (Acc)",,EOF29012267940,0.1234041800,1410.0000000000,GBX,100.00000000,,,1.74,"GBP",,,,,,,,,,,,
Market buy,2025-03-04 08:04:10,IE00B5BMR087,SXR8,"iShares Core S&P 500 (Acc)",,EOF29012272395,0.0049562000,592.5600000000,EUR,1.20857854,,,2.43,"GBP",,,,,,,,,,,,
Market buy,2025-03-04 08:04:14,IE000I8KRLL9,SEMI,"iShares MSCI Global Semiconductors (Acc)",,EOF29012272724,0.3919500000,6.8900000000,USD,1.26785704,,,2.13,"GBP",,,,,,,,,,,,
Market buy,2025-03-04 08:05:23,IE00B3WJKG14,IITU,"iShares S&P 500 Information Technology Sector (Acc)",,EOF29012275528,0.3597005400,2471.5000000000,GBX,100.00000000,,,8.89,"GBP",,,,,,,,,,,,
Market buy,2025-03-04 08:09:25,IE000I8KRLL9,SEC0,"iShares MSCI Global Semiconductors (Acc)",,EOF29012282807,0.5750400000,6.5550000000,EUR,1.20813692,,,3.12,"GBP",,,,,,,,,,,,
Market sell,2025-03-04 08:18:39,IE00B1TXK627,DH2O,"iShares Global Water (Dist)",,EOF29012285815,0.0192490000,66.0900000000,USD,1.27216641,0.04,"GBP",1.00,"GBP",,,,,,,,,,,,
Market sell,2025-03-04 08:19:08,IE00BM9GRQ71,FEMP,"Fidelity Sustainable USD EM Bond (Acc)",,EOF29012285951,0.2131900000,4.6900000000,GBP,1.00000000,0.07,"GBP",1.00,"GBP",,,,,,,,,,,,
Market sell,2025-03-04 08:22:03,GB0002875804,BATS,"British American Tobacco",,EOF29012286736,0.0320204600,3123.0000000000,GBX,100.00000000,0.14,"GBP",1.00,"GBP",,,,,,,,,,,,
Market sell,2025-03-04 14:30:07,US38141G1040,GS,"Goldman Sachs",,EOF29053014887,0.0035924000,595.5000000000,USD,1.27337750,0.60,"GBP",1.68,"GBP",,,,,,,,,,,,
Market sell,2025-03-04 14:30:07,IE00BTN1Y115,MDT,"Medtronic",,EOF29053014884,0.0134560000,94.6300000000,USD,1.27334128,0.06,"GBP",1.00,"GBP",,,,,,,,,,,,
Market sell,2025-03-04 14:30:12,US4592001014,IBM,"IBM",,EOF29053017992,0.0051342000,248.0000000000,USD,1.27328160,0.21,"GBP",1.00,"GBP",,,,,,,,,,,,
Market sell,2025-03-04 14:30:12,US56035L1044,MAIN,"Main Street Capital",,EOF29053017989,0.0213560000,59.6200000000,USD,1.27324472,0.17,"GBP",1.00,"GBP",,,,,,,,,,,,
Market sell,2025-03-04 14:30:13,US00123Q1040,AGNC,"AGNC Investment",,EOF29053020131,0.1255810000,10.1400000000,USD,1.27339134,0.03,"GBP",1.00,"GBP",,,,,,,,,,,,
Market sell,2025-03-04 14:30:16,US00206R1023,T,"AT&T",,EOF29053020390,0.0457800000,27.8200000000,USD,1.27359960,0.27,"GBP",1.00,"GBP",,,,,,,,,,,,
Market sell,2025-03-04 14:30:20,US46625H1005,JPM,"JPMorgan Chase & Co",,EOF29053020857,0.0049839000,255.5200000000,USD,1.27348612,0.29,"GBP",1.00,"GBP",,,,,,,,,,,,
Market sell,2025-03-04 14:31:08,US0846707026,BRK.B,"Berkshire Hathaway (Class B)",,EOF29053023892,0.0094603000,506.1100000000,USD,1.27001390,0.65,"GBP",3.76,"GBP",,,,,,,,,0.01,"GBP",,
Market buy,2025-03-04 14:31:16,CA1363851017,CNQ,"Canadian Natural Resources",,EOF29053024263,0.1132580000,26.1200000000,USD,1.26965620,,,2.33,"GBP",,,,,,,,,,,,
Market buy,2025-03-04 14:31:16,CA0641491075,BNS,"Bank of Nova Scotia",,EOF29053024266,0.0305150000,48.6800000000,USD,1.26963264,,,1.17,"GBP",,,,,,,,,,,,
Market buy,2025-03-04 14:31:17,IE00B7N3YW49,SSHY,"PIMCO US Short-Term High Yield Corporate Bond (Dist)",,EOF29053024287,0.0135120000,74.7400000000,GBP,1.00000000,,,1.01,"GBP",,,,,,,,,,,,
Market buy,2025-03-04 14:31:17,US74348T1025,PSEC,"Prospect Capital",,EOF29053024302,0.3041100000,4.3000000000,USD,1.26958543,,,1.03,"GBP",,,,,,,,,,,,
Market buy,2025-03-04 14:31:18,US74144T1088,TROW,"T Rowe Price",,EOF29053024316,0.0176700000,102.7500000000,USD,1.26964510,,,1.43,"GBP",,,,,,,,,,,,
Market buy,2025-03-04 14:31:24,IE00B3WJKG14,IITU,"iShares S&P 500 Information Technology Sector (Acc)",,EOF29053024521,0.0621041400,2447.5000000000,GBX,100.00000000,,,1.52,"GBP",,,,,,,,,,,,
Market buy,2025-03-04 14:31:24,IE000I8KRLL9,SEMI,"iShares MSCI Global Semiconductors (Acc)",,EOF29053024535,0.2528100000,6.8300000000,USD,1.26962669,,,1.36,"GBP",,,,,,,,,,,,
Market buy,2025-03-04 14:31:30,IE00BYWZ0333,RBOD,"iShares Automation & Robotics (Dist)",,EOF29053024611,0.2046300000,9.1200000000,USD,1.26954122,,,1.47,"GBP",,,,,,,,,,,,
Market buy,2025-03-04 14:31:48,US09259E1082,TCPC,"BlackRock TCP Capital",,EOF29053024905,0.1654800000,8.2100000000,USD,1.26971102,,,1.07,"GBP",,,,,,,,,,,,
Market sell,2025-03-04 14:38:51,US79466L3024,CRM,"Salesforce",,EOF29053044529,0.0043900000,290.0000000000,USD,1.27310000,0.10,"GBP",1.00,"GBP",,,,,,,,,,,,
Market sell,2025-03-04 14:38:51,US67066G1040,NVDA,"Nvidia",,EOF29053044522,0.0303938000,114.7700000000,USD,1.27310088,0.39,"GBP",2.74,"GBP",,,,,,,,,,,,
Market sell,2025-03-04 14:38:51,US02079K3059,GOOGL,"Alphabet (Class A)",,EOF29053044533,0.0650062000,168.2300000000,USD,1.27162709,1.31,"GBP",8.59,"GBP",,,,,,,,,0.01,"GBP",,
Market sell,2025-03-04 14:38:51,US0378331005,AAPL,"Apple",,EOF29053044538,0.0101015000,238.1900000000,USD,1.27305623,0.34,"GBP",1.89,"GBP",,,,,,,,,,,,
Market sell,2025-03-04 14:38:51,US88032Q1094,TCEHY,"Tencent",,EOF29053044543,0.1172290000,62.7700000000,USD,1.27089193,1.57,"GBP",5.78,"GBP",,,,,,,,,0.01,"GBP",,
Market sell,2025-03-04 14:38:52,US0567521085,BIDU,"Baidu",,EOF29053044551,0.0730160000,85.6100000000,USD,1.27050808,-0.85,"GBP",4.91,"GBP",,,,,,,,,0.01,"GBP",,
Market buy,2025-03-04 14:38:52,IE00B3XXRP09,VUSA,"Vanguard S&P 500 (Dist)",,EOF29053044566,0.0186630000,86.7950000000,GBP,1.00000000,,,1.62,"GBP",,,,,,,,,,,,
Market buy,2025-03-04 14:38:52,US30303M1027,META,"Meta Platforms",,EOF29053044573,0.0156896000,641.6200000000,USD,1.27105570,,,7.93,"GBP",,,,,,,,,0.01,"GBP",,
Market buy,2025-03-04 14:38:53,US5949181045,MSFT,"Microsoft",,EOF29053044576,0.0044702000,386.2000000000,USD,1.26940532,,,1.36,"GBP",,,,,,,,,,,,
Market buy,2025-03-04 14:38:53,US46625H1005,JPM,"JPMorgan Chase & Co",,EOF29053044586,0.0182748000,254.2400000000,USD,1.27292743,,,3.66,"GBP",,,,,,,,,0.01,"GBP",,
Market buy,2025-03-04 14:38:53,US0231351067,AMZN,"Amazon",,EOF29053044590,0.0412803000,201.1200000000,USD,1.27140795,,,6.54,"GBP",,,,,,,,,0.01,"GBP",,
Market buy,2025-03-04 14:38:53,IE000I8KRLL9,SEC0,"iShares MSCI Global Semiconductors (Acc)",,EOF29053044593,0.3255700000,6.5580000000,EUR,1.20626444,,,1.77,"GBP",,,,,,,,,,,,
Market buy,2025-03-04 14:39:02,US58733R1023,MELI,"MercadoLibre",,EOF29053044673,0.0010067700,2067.9900000000,USD,1.26950627,,,1.64,"GBP",,,,,,,,,,,,
Market buy,2025-03-07 17:58:49,US0231351067,AMZN,"Amazon",,EOF29204072193,0.0448526000,195.1100000000,USD,1.29073610,,,6.79,"GBP",,,,,,,,,0.01,"GBP",,
Market buy,2025-03-07 17:58:49,US67066G1040,NVDA,"Nvidia",,EOF29204072199,0.0410310000,109.3100000000,USD,1.29253562,,,3.48,"GBP",,,,,,,,,0.01,"GBP",,
Market buy,2025-03-07 17:58:49,US30303M1027,META,"Meta Platforms",,EOF29204072196,0.0292467000,607.2500000000,USD,1.29070193,,,13.78,"GBP",,,,,,,,,0.02,"GBP",,
Market buy,2025-03-07 17:58:49,US46625H1005,JPM,"JPMorgan Chase & Co",,EOF29204072203,0.0088764000,241.0200000000,USD,1.28878911,,,1.66,"GBP",,,,,,,,,,,,
Market buy,2025-03-07 17:58:58,US79466L3024,CRM,"Salesforce",,EOF29204072220,0.0351768000,278.4500000000,USD,1.29051119,,,7.60,"GBP",,,,,,,,,0.01,"GBP",,
Market sell,2025-03-07 17:59:15,US0378331005,AAPL,"Apple",,EOF29204072265,0.0101842000,239.8600000000,USD,1.29247736,0.33,"GBP",1.89,"GBP",,,,,,,,,,,,
Market sell,2025-03-07 17:59:15,US5949181045,MSFT,"Microsoft",,EOF29204072269,0.0058585000,388.2900000000,USD,1.29249827,0.06,"GBP",1.76,"GBP",,,,,,,,,,,,
Market sell,2025-03-07 17:59:15,US01609W1027,BABA,"Alibaba",,EOF29204072277,0.1577946000,139.6600000000,USD,1.29025725,6.55,"GBP",17.05,"GBP",,,,,,,,,0.03,"GBP",,
Market sell,2025-03-07 17:59:15,US02079K3059,GOOGL,"Alphabet (Class A)",,EOF29204072273,0.0887801000,172.2300000000,USD,1.29034570,1.89,"GBP",11.83,"GBP",,,,,,,,,0.02,"GBP",,
Market sell,2025-03-07 17:59:16,US0567521085,BIDU,"Baidu",,EOF29204072284,0.2928430000,93.7900000000,USD,1.29068350,-1.86,"GBP",21.25,"GBP",,,,,,,,,0.03,"GBP",,
Market sell,2025-03-07 17:59:17,US88032Q1094,TCEHY,"Tencent",,EOF29204072288,0.2713650000,67.7300000000,USD,1.29069883,4.47,"GBP",14.22,"GBP",,,,,,,,,0.02,"GBP",,
Market buy,2025-03-07 17:59:17,US0231351067,AMZN,"Amazon",,EOF29204072300,0.0638322000,195.2400000000,USD,1.29012409,,,9.67,"GBP",,,,,,,,,0.01,"GBP",,
Market buy,2025-03-07 17:59:17,US67066G1040,NVDA,"Nvidia",,EOF29204072303,0.1132008000,109.4100000000,USD,1.29013536,,,9.61,"GBP",,,,,,,,,0.01,"GBP",,
Market buy,2025-03-07 17:59:18,US30303M1027,META,"Meta Platforms",,EOF29204072306,0.0212356000,608.1200000000,USD,1.29137930,,,10.02,"GBP",,,,,,,,,0.02,"GBP",,
Market buy,2025-03-07 17:59:18,US46625H1005,JPM,"JPMorgan Chase & Co",,EOF29204072309,0.0535054000,241.1100000000,USD,1.29136005,,,10.00,"GBP",,,,,,,,,0.01,"GBP",,
Market buy,2025-03-07 17:59:24,US79466L3024,CRM,"Salesforce",,EOF29204072323,0.0447956000,278.5000000000,USD,1.29013180,,,9.68,"GBP",,,,,,,,,0.01,"GBP",,
Market buy,2025-03-07 17:59:33,US38141G1040,GS,"Goldman Sachs",,EOF29204072341,0.0237044000,551.3400000000,USD,1.29142133,,,10.14,"GBP",,,,,,,,,0.02,"GBP",,
Market buy,2025-03-07 17:59:33,US58733R1023,MELI,"MercadoLibre",,EOF29204072345,0.0065622500,1905.2000000000,USD,1.29023722,,,9.70,"GBP",,,,,,,,,0.01,"GBP",,
Market buy,2025-03-07 17:59:34,US0846707026,BRK.B,"Berkshire Hathaway (Class B)",,EOF29204072350,0.0047744000,494.0000000000,USD,1.28882710,,,1.83,"GBP",,,,,,,,,,,,
Market buy,2025-03-10 08:00:04,IE00BYWZ0333,RBOD,"iShares Automation & Robotics (Dist)",,EOF29250216099,0.1909700000,9.1700000000,USD,1.28764330,,,1.36,"GBP",,,,,,,,,,,,
Market buy,2025-03-10 08:00:32,IE00B3XXRP09,VUSA,"Vanguard S&P 500 (Dist)",,EOF29250221246,0.0567780000,84.5375100000,GBP,1.00000000,,,4.80,"GBP",,,,,,,,,,,,
Market buy,2025-03-10 08:00:40,IE0032077012,EQQQ,"Invesco EQQQ Nasdaq-100 (Dist)",,EOF29250225805,0.0135965000,38098.0000000000,GBX,100.00000000,,,5.18,"GBP",,,,,,,,,,,,
Market buy,2025-03-10 08:01:16,IE00B3WJKG14,IITU,"iShares S&P 500 Information Technology Sector (Acc)",,EOF29250228286,0.1297252200,2420.5000000000,GBX,100.00000000,,,3.14,"GBP",,,,,,,,,,,,
Market buy,2025-03-10 08:04:01,IE000I8KRLL9,SEC0,"iShares MSCI Global Semiconductors (Acc)",,EOF29250231121,0.8391300000,6.3500000000,EUR,1.19205268,,,4.48,"GBP",,,,,,,,,0.01,"GBP",,
Market buy,2025-03-10 08:04:17,IE00B5BMR087,SXR8,"iShares Core S&P 500 (Acc)",,EOF29250232016,0.0073297000,563.0200000000,EUR,1.19270742,,,3.47,"GBP",,,,,,,,,0.01,"GBP",,
Market buy,2025-03-10 08:04:22,IE00BK5BQT80,VWCE,"Vanguard FTSE All-World (Acc)",,EOF29250232704,0.0272055000,129.4000000000,EUR,1.18932152,,,2.96,"GBP",,,,,,,,,,,,
Dividend (Dividend),2025-03-10 12:22:45,US4592001014,IBM,"IBM",,,0.0453991000,1.419500,USD,0.77586700,,,0.05,"GBP",0.01,USD,,,,,,,,,,
Deposit,2025-03-10 15:02:59,,,,"Transaction ID: KJ6N92XPZFM7S2Z3",5af31f06-f7f5-4e6e-bf39-3cedb1bcfa42,,,,,,,150.00,"GBP",,,151.05,"GBP",-1.05,"GBP",,,,,,
Market buy,2025-03-10 15:03:25,US01609W1027,BABA,"Alibaba",,EOF29355533311,0.0728720000,133.6000000000,USD,1.29120679,,,7.55,"GBP",,,,,,,,,0.01,"GBP",,
Market buy,2025-03-10 15:03:25,US0231351067,AMZN,"Amazon",,EOF29355533308,0.0329208000,191.9300000000,USD,1.29212456,,,4.90,"GBP",,,,,,,,,0.01,"GBP",,
Market buy,2025-03-10 15:03:25,US67066G1040,NVDA,"Nvidia",,EOF29355533314,0.0564747000,106.6300000000,USD,1.29225263,,,4.67,"GBP",,,,,,,,,0.01,"GBP",,
Market buy,2025-03-10 15:03:25,US0378331005,AAPL,"Apple",,EOF29355533328,0.0997938000,226.0000000000,USD,1.29171814,,,17.49,"GBP",,,,,,,,,0.03,"GBP",,
Market buy,2025-03-10 15:03:25,US02079K3059,GOOGL,"Alphabet (Class A)",,EOF29355533323,0.1515035000,164.6100000000,USD,1.29150653,,,19.34,"GBP",,,,,,,,,0.03,"GBP",,
Market buy,2025-03-10 15:03:25,US5949181045,MSFT,"Microsoft",,EOF29355533337,0.0201690000,380.4100000000,USD,1.29166486,,,5.95,"GBP",,,,,,,,,0.01,"GBP",,
Market buy,2025-03-10 15:03:26,US79466L3024,CRM,"Salesforce",,EOF29355533340,0.0076520000,274.6700000000,USD,1.28943241,,,1.63,"GBP",,,,,,,,,,,,
Market buy,2025-03-10 15:03:27,US46625H1005,JPM,"JPMorgan Chase & Co",,EOF29355533361,0.0213424000,234.4300000000,USD,1.29284207,,,3.88,"GBP",,,,,,,,,0.01,"GBP",,
Market buy,2025-03-10 15:03:27,US30303M1027,META,"Meta Platforms",,EOF29355533358,0.0196353000,590.4100000000,USD,1.29096631,,,8.99,"GBP",,,,,,,,,0.01,"GBP",,
Market buy,2025-03-10 15:03:27,US88032Q1094,TCEHY,"Tencent",,EOF29355533355,0.1073600000,65.1000000000,USD,1.29189205,,,5.42,"GBP",,,,,,,,,0.01,"GBP",,
Market buy,2025-03-10 15:04:09,IE0032077012,EQQQ,"Invesco EQQQ Nasdaq-100 (Dist)",,EOF29355533601,0.0100442700,37036.0000000000,GBX,100.00000000,,,3.72,"GBP",,,,,,,,,,,,
Market buy,2025-03-10 15:04:09,IE00B3WJKG14,IITU,"iShares S&P 500 Information Technology Sector (Acc)",,EOF29355533598,0.2546783800,2324.5000000000,GBX,100.00000000,,,5.92,"GBP",,,,,,,,,,,,
Market buy,2025-03-10 15:04:09,US38141G1040,GS,"Goldman Sachs",,EOF29355533604,0.0101320000,538.2600000000,USD,1.29233419,,,4.23,"GBP",,,,,,,,,0.01,"GBP",,
Market buy,2025-03-10 15:04:09,IE00B5BMR087,SXR8,"iShares Core S&P 500 (Acc)",,EOF29355533607,0.0046116000,554.6000000000,EUR,1.18957830,,,2.15,"GBP",,,,,,,,,,,,
Market buy,2025-03-10 15:04:09,IE000I8KRLL9,SEMI,"iShares MSCI Global Semiconductors (Acc)",,EOF29355533610,0.5410600000,6.6720000000,USD,1.28926868,,,2.80,"GBP",,,,,,,,,,,,
Market buy,2025-03-10 15:04:11,IE00BK5BQT80,VWCE,"Vanguard FTSE All-World (Acc)",,EOF29355533617,0.0325733000,127.4600000000,EUR,1.19304391,,,3.49,"GBP",,,,,,,,,0.01,"GBP",,
Market buy,2025-03-10 15:04:13,IE00BYWZ0333,RBOD,"iShares Automation & Robotics (Dist)",,EOF29355533620,0.4159200000,8.9275000000,USD,1.28927979,,,2.88,"GBP",,,,,,,,,,,,
Dividend (Dividend),2025-03-11 08:04:06,US00123Q1040,AGNC,"AGNC Investment",,,1.2613300000,0.102000,USD,0.77726900,,,0.10,"GBP",0.02,USD,,,,,,,,,,
Dividend (Dividend),2025-03-13 09:24:32,US5949181045,MSFT,"Microsoft",,,1.6638929000,0.705500,USD,0.77520900,,,0.91,"GBP",0.21,USD,,,,,,,,,,
Market buy,2025-03-13 16:08:45,US0231351067,AMZN,"Amazon",,EOF29503105848,0.0279613000,194.5400000000,USD,1.29514078,,,4.21,"GBP",,,,,,,,,0.01,"GBP",,
Market buy,2025-03-13 16:08:45,US0378331005,AAPL,"Apple",,EOF29503105851,0.0171243000,212.0200000000,USD,1.29206195,,,2.81,"GBP",,,,,,,,,,,,
Market buy,2025-03-13 16:08:45,IE00B3XXRP09,VUSA,"Vanguard S&P 500 (Dist)",,EOF29503105854,0.0215050000,81.3700100000,GBP,1.00000000,,,1.75,"GBP",,,,,,,,,,,,
Market buy,2025-03-13 16:08:46,US01609W1027,BABA,"Alibaba",,EOF29503105857,0.0163492000,138.3000000000,USD,1.29205392,,,1.75,"GBP",,,,,,,,,,,,
Market buy,2025-03-13 16:08:46,US02079K3059,GOOGL,"Alphabet (Class A)",,EOF29503105860,0.0332250000,163.7200000000,USD,1.29514214,,,4.21,"GBP",,,,,,,,,0.01,"GBP",,
Market buy,2025-03-13 16:08:46,US67066G1040,NVDA,"Nvidia",,EOF29503105863,0.0233502000,116.2000000000,USD,1.29204440,,,2.10,"GBP",,,,,,,,,,,,
Market buy,2025-03-13 16:08:46,US30303M1027,META,"Meta Platforms",,EOF29503105869,0.0076238000,594.8600000000,USD,1.29574104,,,3.51,"GBP",,,,,,,,,0.01,"GBP",,
Market buy,2025-03-13 16:08:46,US5949181045,MSFT,"Microsoft",,EOF29503105866,0.0143189000,379.8800000000,USD,1.29511041,,,4.21,"GBP",,,,,,,,,0.01,"GBP",,
Market buy,2025-03-13 16:08:46,US79466L3024,CRM,"Salesforce",,EOF29503105872,0.0134094000,270.7500000000,USD,1.29202670,,,2.81,"GBP",,,,,,,,,,,,
Market buy,2025-03-13 16:08:46,US46625H1005,JPM,"JPMorgan Chase & Co",,EOF29503105875,0.0100048000,226.0000000000,USD,1.29204845,,,1.75,"GBP",,,,,,,,,,,,
Market buy,2025-03-13 16:08:46,IE000I8KRLL9,SEC0,"iShares MSCI Global Semiconductors (Acc)",,EOF29503105878,0.3351400000,6.2140000000,EUR,1.19003426,,,1.75,"GBP",,,,,,,,,,,,
Market buy,2025-03-13 16:08:47,US0567521085,BIDU,"Baidu",,EOF29503105881,0.0237890000,95.0500000000,USD,1.29208254,,,1.75,"GBP",,,,,,,,,,,,
Market buy,2025-03-13 16:08:55,US58733R1023,MELI,"MercadoLibre",,EOF29503105903,0.0006788800,1998.2700000000,USD,1.29198622,,,1.05,"GBP",,,,,,,,,,,,
Market buy,2025-03-13 16:09:28,US88032Q1094,TCEHY,"Tencent",,EOF29503106093,0.0272730000,66.3200000000,USD,1.29196097,,,1.40,"GBP",,,,,,,,,,,,
Dividend (Dividend),2025-03-14 12:10:51,US7561091049,O,"Realty Income",,,0.1342730000,0.227800,USD,0.65386400,,,0.02,"GBP",0.01,USD,,,,,,,,,,
Dividend (Dividend),2025-03-14 12:24:15,US56035L1044,MAIN,"Main Street Capital",,,0.1281320000,0.212500,USD,0.73453700,,,0.02,"GBP",0.00,USD,,,,,,,,,,
Dividend (Dividend),2025-03-14 12:48:58,US0084921008,ADC,"Agree Realty",,,0.1016940000,0.215050,USD,0.91452400,,,0.02,"GBP",0.00,USD,,,,,,,,,,
Dividend (Dividend),2025-03-17 13:57:17,US85254J1025,STAG,"STAG Industrial",,,0.1502270000,0.105542,USD,0.63070600,,,0.01,"GBP",0.00,USD,,,,,,,,,,
Dividend (Dividend),2025-03-17 14:31:44,US02079K3059,GOOGL,"Alphabet (Class A)",,,4.0379177000,0.170000,USD,0.77209300,,,0.53,"GBP",0.12,USD,,,,,,,,,,
Dividend (Dividend),2025-03-20 13:54:01,US74348T1025,PSEC,"Prospect Capital",,,3.1050400000,0.038250,USD,0.75778100,,,0.09,"GBP",0.02,USD,,,,,,,,,,
Dividend (Dividend),2025-03-20 13:59:42,IE0032077012,EQQQ,"Invesco EQQQ Nasdaq-100 (Dist)",,,0.3743825600,34.864574,GBX,0.01000000,,,0.13,"GBP",-0.00,GBX,,,,,,,,,,
Dividend (Dividend),2025-03-26 15:14:11,IE00B2NPKV68,SEMB,"iShares J.P. Morgan USD EM Bond (Dist)",,,0.0803485700,35.259981,GBX,0.01000000,,,0.03,"GBP",0.00,GBX,,,,,,,,,,
Dividend (Dividend),2025-03-26 15:31:42,US30303M1027,META,"Meta Platforms",,,0.9808446000,0.446250,USD,0.77678400,,,0.34,"GBP",0.08,USD,,,,,,,,,,
Dividend (Dividend),2025-03-27 12:57:33,US56035L1044,MAIN,"Main Street Capital",,,0.1281320000,0.255000,USD,0.91817100,,,0.03,"GBP",0.01,USD,,,,,,,,,,
Dividend (Dividend),2025-03-28 11:46:56,US74144T1088,TROW,"T Rowe Price",,,0.0810365000,1.079500,USD,0.80019300,,,0.07,"GBP",0.02,USD,,,,,,,,,,
Dividend (Dividend),2025-03-28 11:54:50,US38141G1040,GS,"Goldman Sachs",,,0.2473073000,2.550000,USD,0.77699600,,,0.49,"GBP",0.11,USD,,,,,,,,,,
Dividend (Dividend),2025-03-31 14:20:46,US09259E1082,TCPC,"BlackRock TCP Capital",,,1.7547900000,0.212500,USD,0.77770300,,,0.29,"GBP",0.07,USD,,,,,,,,,,
Dividend (Dividend),2025-03-31 14:36:39,US5021751020,LTC,"LTC Properties",,,0.1999160000,0.161500,USD,0.61945500,,,0.02,"GBP",0.01,USD,,,,,,,,,,
Dividend (Dividend),2025-03-31 15:00:49,US09259E1082,TCPC,"BlackRock TCP Capital",,,1.7547900000,0.034000,USD,0.83804200,,,0.05,"GBP",0.01,USD,,,,,,,,,,
Dividend (Dividend),2025-03-31 15:05:08,IE00B7N3YW49,SSHY,"PIMCO US Short-Term High Yield Corporate Bond (Dist)",,,0.0443060000,0.435132,GBP,1.00000000,,,0.02,"GBP",-0.00,GBP,,,,,,,,,,
Dividend (Dividend),2025-04-02 13:04:44,IE00B42WWV65,VGOV,"Vanguard U.K. Gilt (Dist)",,,0.4662150000,0.068584,GBP,1.00000000,,,0.03,"GBP",0.00,GBP,,,,,,,,,,
Dividend (Dividend),2025-04-02 13:07:28,IE00BDD48R20,VUSC,"Vanguard USD Corporate 1-3 Year Bond (Dist)",,,0.0595740000,0.225799,EUR,0.74339800,,,0.01,"GBP",0.00,EUR,,,,,,,,,,
Dividend (Dividend),2025-04-02 13:48:27,US67066G1040,NVDA,"Nvidia",,,3.2333653000,0.008500,USD,0.72770700,,,0.02,"GBP",0.00,USD,,,,,,,,,,
Dividend (Dividend),2025-04-02 14:26:18,IE00B3XXRP09,VUSA,"Vanguard S&P 500 (Dist)",,,2.7023680000,0.248279,GBP,1.00000000,,,0.67,"GBP",0.00,GBP,,,,,,,,,,
Deposit,2025-04-03 14:55:19,,,,"Transaction ID: K2D8836LSWK8R4F6",71d0b804-5509-43c9-974a-403af2b28cc9,,,,,,,100.00,"GBP",,,100.70,"GBP",-0.70,"GBP",,,,,,
Market buy,2025-04-03 14:55:47,US02079K3059,GOOGL,"Alphabet (Class A)",,EOF30555523802,0.2067606000,150.7100000000,USD,1.31702831,,,23.70,"GBP",,,,,,,,,0.04,"GBP",,
Market buy,2025-04-03 14:55:47,US0378331005,AAPL,"Apple",,EOF30555523808,0.1260781000,204.1900000000,USD,1.31682287,,,19.58,"GBP",,,,,,,,,0.03,"GBP",,
Market buy,2025-04-03 14:55:47,US0231351067,AMZN,"Amazon",,EOF30555523805,0.1130545000,178.7500000000,USD,1.31651412,,,15.37,"GBP",,,,,,,,,0.02,"GBP",,
Market buy,2025-04-03 14:55:47,IE000I8KRLL9,SEC0,"iShares MSCI Global Semiconductors (Acc)",,EOF30555523812,2.2127400000,5.4780000000,EUR,1.18488658,,,10.25,"GBP",,,,,,,,,0.02,"GBP",,
Market buy,2025-04-03 14:55:47,US30303M1027,META,"Meta Platforms",,EOF30555523818,0.0550093000,536.8200000000,USD,1.31654446,,,22.46,"GBP",,,,,,,,,0.03,"GBP",,
Market buy,2025-04-03 14:55:50,US79466L3024,CRM,"Salesforce",,EOF30555523841,0.0529416000,255.3000000000,USD,1.31734800,,,10.28,"GBP",,,,,,,,,0.02,"GBP",,
Deposit,2025-04-04 12:28:59,,,,"Transaction ID: GGZCQZ2H4VLDT5F6",299b2514-4272-4971-8679-fb8f27281c3f,,,,,,,200.00,"GBP",,,201.40,"GBP",-1.40,"GBP",,,,,,
Market buy,2025-04-04 12:30:17,IE00B3XXRP09,VUSA,"Vanguard S&P 500 (Dist)",,EOF30601639182,0.0474800000,76.4500000000,GBP,1.00000000,,,3.63,"GBP",,,,,,,,,,,,
Market buy,2025-04-04 12:30:18,IE000I8KRLL9,SEC0,"iShares MSCI Global Semiconductors (Acc)",,EOF30601639187,2.9616200000,5.1700000000,EUR,1.17690817,,,13.03,"GBP",,,,,,,,,0.02,"GBP",,
Market buy,2025-04-04 12:30:24,US88032Q1094,TCEHY,"Tencent",,EOF30601639214,0.1261960000,59.5000000000,USD,1.30358715,,,5.77,"GBP",,,,,,,,,0.01,"GBP",,
Market buy,2025-04-04 12:31:04,IE000I8KRLL9,SEMI,"iShares MSCI Global Semiconductors (Acc)",,EOF30601639578,2.2410300000,5.7420000000,USD,1.30374815,,,9.88,"GBP",,,,,,,,,0.01,"GBP",,
Market buy,2025-04-04 12:31:04,IE0032077012,EQQQ,"Invesco EQQQ Nasdaq-100 (Dist)",,EOF30601639575,0.0308543200,33804.0000000000,GBX,100.00000000,,,10.43,"GBP",,,,,,,,,,,,
Market buy,2025-04-04 12:31:04,IE00B5BMR087,SXR8,"iShares Core S&P 500 (Acc)",,EOF30601639581,0.0185735000,503.7600000000,EUR,1.17692910,,,7.96,"GBP",,,,,,,,,0.01,"GBP",,
Market buy,2025-04-04 12:31:05,IE00B1TXK627,DH2O,"iShares Global Water (Dist)",,EOF30601639586,0.1151950000,65.3500000000,USD,1.30467820,,,5.78,"GBP",,,,,,,,,0.01,"GBP",,
Market buy,2025-04-04 12:31:06,IE00BK5BQT80,VWCE,"Vanguard FTSE All-World (Acc)",,EOF30601639604,0.1032324000,116.6000000000,EUR,1.17777865,,,10.24,"GBP",,,,,,,,,0.02,"GBP",,
Market buy,2025-04-04 12:31:06,IE00BK5BC891,GLGG,"L&G Clean Water (Acc)",,EOF30601639609,0.2637684800,1292.8000000000,GBX,100.00000000,,,3.41,"GBP",,,,,,,,,,,,
Market buy,2025-04-04 12:31:06,IE00B3WJKG14,IITU,"iShares S&P 500 Information Technology Sector (Acc)",,EOF30601639612,0.8024095900,2075.0000000000,GBX,100.00000000,,,16.65,"GBP",,,,,,,,,,,,
Market buy,2025-04-04 12:31:07,IE00BYWZ0333,RBOD,"iShares Automation & Robotics (Dist)",,EOF30601639620,1.6963200000,7.9825000000,USD,1.30451583,,,10.40,"GBP",,,,,,,,,0.02,"GBP",,
Market buy,2025-04-04 13:30:02,US0567521085,BIDU,"Baidu",,EOF30604303964,0.2013770000,82.9000000000,USD,1.30016770,,,12.86,"GBP",,,,,,,,,0.02,"GBP",,
Market buy,2025-04-04 13:30:05,US02079K3059,GOOGL,"Alphabet (Class A)",,EOF30604307484,0.0308056000,148.3300000000,USD,1.30182183,,,3.52,"GBP",,,,,,,,,0.01,"GBP",,
Market buy,2025-04-04 13:30:05,US0231351067,AMZN,"Amazon",,EOF30604307481,0.1697070000,167.6000000000,USD,1.29994941,,,21.91,"GBP",,,,,,,,,0.03,"GBP",,
Market buy,2025-04-04 13:30:05,US30303M1027,META,"Meta Platforms",,EOF30604313063,0.0449974000,506.5800000000,USD,1.30032988,,,17.56,"GBP",,,,,,,,,0.03,"GBP",,
Market buy,2025-04-04 13:30:09,US79466L3024,CRM,"Salesforce",,EOF30604320237,0.0647455000,249.4100000000,USD,1.30017513,,,12.44,"GBP",,,,,,,,,0.02,"GBP",,
Market buy,2025-04-04 13:30:09,US38141G1040,GS,"Goldman Sachs",,EOF30604320234,0.0289555000,488.2000000000,USD,1.30046689,,,10.89,"GBP",,,,,,,,,0.02,"GBP",,
Market buy,2025-04-04 13:30:09,US67066G1040,NVDA,"Nvidia",,EOF30604320231,0.0835240000,99.0000000000,USD,1.30013773,,,6.37,"GBP",,,,,,,,,0.01,"GBP",,
Market buy,2025-04-04 13:30:11,US0378331005,AAPL,"Apple",,EOF30604322126,0.0835228000,193.9600000000,USD,1.30016711,,,12.48,"GBP",,,,,,,,,0.02,"GBP",,
Market buy,2025-04-04 13:31:24,US46625H1005,JPM,"JPMorgan Chase & Co",,EOF30604328084,0.0065096000,215.5400000000,USD,1.29914739,,,1.08,"GBP",,,,,,,,,,,,
Market buy,2025-04-04 13:39:15,US01609W1027,BABA,"Alibaba",,EOF30604347364,0.1593439000,116.6000000000,USD,1.30017485,,,14.31,"GBP",,,,,,,,,0.02,"GBP",,
Dividend (Dividend),2025-04-04 15:03:01,CA1363851017,CNQ,"Canadian Natural Resources",,,0.3176070000,0.354159,USD,0.80011800,,,0.09,"GBP",0.02,USD,,,,,,,,,,
Deposit,2025-04-07 01:58:13,,,,"Transaction ID: DSM3GQV7CB3VRGF3",e828ae15-b1fc-4903-af7e-50e88ec2546f,,,,,,,500.00,"GBP",,,503.50,"GBP",-3.50,"GBP",,,,,,
Dividend (Dividend),2025-04-09 11:00:31,US00123Q1040,AGNC,"AGNC Investment",,,1.1357490000,0.102000,USD,0.77689100,,,0.09,"GBP",0.02,USD,,,,,,,,,,
Market buy,2025-04-09 11:04:16,IE00B3XXRP09,VUSA,"Vanguard S&P 500 (Dist)",,EOF30852350725,0.2752910000,72.6500100000,GBP,1.00000000,,,20.00,"GBP",,,,,,,,,,,,
Market buy,2025-04-09 11:04:17,IE000I8KRLL9,SEC0,"iShares MSCI Global Semiconductors (Acc)",,EOF30852350736,4.6889400000,4.9425000000,EUR,1.16049504,,,20.00,"GBP",,,,,,,,,0.03,"GBP",,
Market buy,2025-04-09 11:05:07,IE00B5BMR087,SXR8,"iShares Core S&P 500 (Acc)",,EOF30852350905,0.0244772000,473.4600000000,EUR,1.16121995,,,9.99,"GBP",,,,,,,,,0.01,"GBP",,
Market buy,2025-04-09 11:05:07,IE0032077012,EQQQ,"Invesco EQQQ Nasdaq-100 (Dist)",,EOF30852350911,0.0372068400,32279.0000000000,GBX,100.00000000,,,12.01,"GBP",,,,,,,,,,,,
Market buy,2025-04-09 11:05:07,IE00BK5BC891,GLGG,"L&G Clean Water (Acc)",,EOF30852350908,0.3247806900,1231.6000000000,GBX,100.00000000,,,4.00,"GBP",,,,,,,,,,,,
Market buy,2025-04-09 11:05:08,IE00B3WJKG14,IITU,"iShares S&P 500 Information Technology Sector (Acc)",,EOF30852350917,0.7041969800,1989.5000000000,GBX,100.00000000,,,14.01,"GBP",,,,,,,,,,,,
Market buy,2025-04-09 11:05:08,IE00BK5BQT80,VWCE,"Vanguard FTSE All-World (Acc)",,EOF30852350921,0.1481629000,109.5800000000,EUR,1.16052112,,,14.01,"GBP",,,,,,,,,0.02,"GBP",,
Market buy,2025-04-09 11:05:09,IE000I8KRLL9,SEMI,"iShares MSCI Global Semiconductors (Acc)",,EOF30852350934,1.4236400000,5.3890000000,USD,1.28080066,,,6.00,"GBP",,,,,,,,,0.01,"GBP",,
Market buy,2025-04-09 11:05:09,IE00B1TXK627,DH2O,"iShares Global Water (Dist)",,EOF30852350943,0.2544630000,60.3500000000,USD,1.28080417,,,12.01,"GBP",,,,,,,,,0.02,"GBP",,
Market buy,2025-04-09 11:05:13,IE00BYWZ0333,RBOD,"iShares Automation & Robotics (Dist)",,EOF30852350980,1.3786300000,7.4200000000,USD,1.28027967,,,8.00,"GBP",,,,,,,,,0.01,"GBP",,
Market buy,2025-04-09 11:05:15,IE00BM9GRQ71,FEMP,"Fidelity Sustainable USD EM Bond (Acc)",,EOF30852350987,0.7874800000,4.5255000000,GBP,1.00000000,,,3.56,"GBP",,,,,,,,,,,,
Market buy,2025-04-09 11:05:17,IE00BM9GRQ71,FEMP,"Fidelity Sustainable USD EM Bond (Acc)",,EOF30852350998,0.3171700000,4.5280000000,GBP,1.00000000,,,1.44,"GBP",,,,,,,,,,,,
Market buy,2025-04-09 12:24:45,US88032Q1094,TCEHY,"Tencent",,EOF30852368615,0.3778960000,54.1000000000,USD,1.27936005,,,16.00,"GBP",,,,,,,,,0.02,"GBP",,
Market buy,2025-04-09 13:30:03,US67066G1040,NVDA,"Nvidia",,EOF30852382995,0.3097660000,98.9600000000,USD,1.27940080,,,24.00,"GBP",,,,,,,,,0.04,"GBP",,
Market buy,2025-04-09 13:30:03,US02079K3059,GOOGL,"Alphabet (Class A)",,EOF30852383003,0.4246958000,144.3600000000,USD,1.27913802,,,48.00,"GBP",,,,,,,,,0.07,"GBP",,
Market buy,2025-04-09 13:30:05,US30303M1027,META,"Meta Platforms",,EOF30852390952,0.1001801000,509.9900000000,USD,1.27919001,,,40.00,"GBP",,,,,,,,,0.06,"GBP",,
Market buy,2025-04-09 13:30:05,US5949181045,MSFT,"Microsoft",,EOF30852390949,0.1734163000,353.5400000000,USD,1.27914873,,,48.00,"GBP",,,,,,,,,0.07,"GBP",,
Market buy,2025-04-09 13:30:05,US79466L3024,CRM,"Salesforce",,EOF30852390958,0.1690923000,241.7200000000,USD,1.27927983,,,32.00,"GBP",,,,,,,,,0.05,"GBP",,
Market buy,2025-04-09 13:30:05,US58733R1023,MELI,"MercadoLibre",,EOF30852390961,0.0083985700,1825.0000000000,USD,1.27941487,,,12.00,"GBP",,,,,,,,,0.02,"GBP",,
Market buy,2025-04-09 13:30:05,US0567521085,BIDU,"Baidu",,EOF30852390955,0.3388010000,75.4000000000,USD,1.27919856,,,20.00,"GBP",,,,,,,,,0.03,"GBP",,
Market buy,2025-04-09 13:30:06,US46625H1005,JPM,"JPMorgan Chase & Co",,EOF30852394057,0.1198536000,213.1400000000,USD,1.27919861,,,20.00,"GBP",,,,,,,,,0.03,"GBP",,
Market buy,2025-04-09 13:30:06,US0378331005,AAPL,"Apple",,EOF30852394063,0.2373852000,172.1800000000,USD,1.27927961,,,32.00,"GBP",,,,,,,,,0.05,"GBP",,
Market buy,2025-04-09 13:30:06,US38141G1040,GS,"Goldman Sachs",,EOF30852394060,0.0282982000,451.3600000000,USD,1.27982720,,,9.99,"GBP",,,,,,,,,0.01,"GBP",,
Market buy,2025-04-09 13:30:08,US0231351067,AMZN,"Amazon",,EOF30852397467,0.3564097000,172.0200000000,USD,1.27914868,,,48.00,"GBP",,,,,,,,,0.07,"GBP",,
Market buy,2025-04-09 13:31:56,US0846707026,BRK.B,"Berkshire Hathaway (Class B)",,EOF30854651282,0.0131058000,487.0100000000,USD,1.27908931,,,5.00,"GBP",,,,,,,,,0.01,"GBP",,
Market buy,2025-04-09 13:32:15,US01609W1027,BABA,"Alibaba",,EOF30854651665,0.2527415000,101.0000000000,USD,1.27826196,,,20.00,"GBP",,,,,,,,,0.03,"GBP",,
Dividend (Dividend),2025-04-11 10:33:23,IE00BTN1Y115,MDT,"Medtronic",,,0.0797730000,0.525000,USD,0.71631800,,,0.03,"GBP",0.01,USD,,,,,,,,,,
Dividend (Dividend),2025-04-14 11:26:06,US0084921008,ADC,"Agree Realty",,,0.1016940000,0.215050,USD,0.91452400,,,0.02,"GBP",0.00,USD,,,,,,,,,,
Dividend (Dividend),2025-04-15 11:49:13,US7561091049,O,"Realty Income",,,0.1342730000,0.228225,USD,0.65264700,,,0.02,"GBP",0.01,USD,,,,,,,,,,
Dividend (Dividend),2025-04-15 11:59:35,US56035L1044,MAIN,"Main Street Capital",,,0.1281320000,0.212500,USD,0.73453700,,,0.02,"GBP",0.00,USD,,,,,,,,,,
Dividend (Dividend),2025-04-15 12:10:33,US85254J1025,STAG,"STAG Industrial",,,0.1502270000,0.105542,USD,0.63070600,,,0.01,"GBP",0.00,USD,,,,,,,,,,
Dividend (Dividend),2025-04-17 11:51:52,US74348T1025,PSEC,"Prospect Capital",,,3.4091500000,0.038250,USD,0.76687100,,,0.10,"GBP",0.02,USD,,,,,,,,,,
Dividend (Dividend),2025-04-24 11:36:37,US79466L3024,CRM,"Salesforce",,,1.9734494000,0.353600,USD,0.75951700,,,0.53,"GBP",0.12,USD,,,,,,,,,,
Dividend (Dividend),2025-04-28 11:49:35,US38147U1079,GSBD,"Goldman Sachs BDC",,,0.7406610000,0.136000,USD,0.79420300,,,0.08,"GBP",0.02,USD,,,,,,,,,,
Dividend (Dividend),2025-04-28 11:50:20,US38147U1079,GSBD,"Goldman Sachs BDC",,,0.7406610000,0.272000,USD,0.74456500,,,0.15,"GBP",0.04,USD,,,,,,,,,,
Dividend (Dividend),2025-04-28 11:56:13,CA0641491075,BNS,"Bank of Nova Scotia",,,0.1283080000,0.649805,USD,0.71963900,,,0.06,"GBP",0.01,USD,,,,,,,,,,
Dividend (Dividend),2025-04-30 13:27:02,US5021751020,LTC,"LTC Properties",,,0.1999160000,0.161500,USD,0.61945500,,,0.02,"GBP",0.01,USD,,,,,,,,,,
Dividend (Dividend),2025-04-30 14:03:35,US46625H1005,JPM,"JPMorgan Chase & Co",,,1.2800459000,1.190000,USD,0.74839800,,,1.14,"GBP",0.27,USD,,,,,,,,,,
Dividend (Dividend),2025-04-30 14:17:15,IE00B2NPKV68,SEMB,"iShares J.P. Morgan USD EM Bond (Dist)",,,0.0803485700,31.842282,GBX,0.01000000,,,0.03,"GBP",0.00,GBX,,,,,,,,,,
Dividend (Dividend),2025-04-30 14:24:44,IE00B7N3YW49,SSHY,"PIMCO US Short-Term High Yield Corporate Bond (Dist)",,,0.0443060000,0.392691,GBP,1.00000000,,,0.02,"GBP",-0.00,GBP,,,,,,,,,,
Dividend (Dividend),2025-05-01 10:34:09,US00206R1023,T,"AT&T",,,0.2738220000,0.235875,USD,0.77414000,,,0.05,"GBP",0.01,USD,,,,,,,,,,
Dividend (Dividend),2025-05-02 11:24:32,IE00BDD48R20,VUSC,"Vanguard USD Corporate 1-3 Year Bond (Dist)",,,0.0595740000,0.153736,EUR,1.09186200,,,0.01,"GBP",0.00,EUR,,,,,,,,,,
Dividend (Dividend),2025-05-02 11:27:20,IE00B42WWV65,VGOV,"Vanguard U.K. Gilt (Dist)",,,0.4662150000,0.053867,GBP,1.00000000,,,0.03,"GBP",0.00,GBP,,,,,,,,,,
Dividend (Dividend),2025-05-07 13:23:58,GB0002875804,BATS,"British American Tobacco",,,0.2380581400,60.060000,GBX,0.01000000,,,0.14,"GBP",0.00,GBX,,,,,,,,,,
Dividend (Dividend),2025-05-09 13:15:16,US00123Q1040,AGNC,"AGNC Investment",,,1.1357490000,0.102000,USD,0.77689100,,,0.09,"GBP",0.02,USD,,,,,,,,,,
Dividend (Dividend),2025-05-14 12:11:30,US0084921008,ADC,"Agree Realty",,,0.1016940000,0.217600,USD,0.90380700,,,0.02,"GBP",0.00,USD,,,,,,,,,,
Dividend (Dividend),2025-05-15 12:22:15,US0378331005,AAPL,"Apple",,,2.4961116000,0.221000,USD,0.76136500,,,0.42,"GBP",0.10,USD,,,,,,,,,,
Dividend (Dividend),2025-05-15 12:56:03,US85254J1025,STAG,"STAG Industrial",,,0.1502270000,0.105542,USD,0.63070600,,,0.01,"GBP",0.00,USD,,,,,,,,,,
Dividend (Dividend),2025-05-15 13:09:10,US56035L1044,MAIN,"Main Street Capital",,,0.1281320000,0.212500,USD,0.73453700,,,0.02,"GBP",0.00,USD,,,,,,,,,,
Dividend (Dividend),2025-05-15 13:28:48,US7561091049,O,"Realty Income",,,0.1342730000,0.228225,USD,0.65264700,,,0.02,"GBP",0.01,USD,,,,,,,,,,
Dividend (Dividend),2025-05-20 11:06:25,US74348T1025,PSEC,"Prospect Capital",,,3.4091500000,0.038250,USD,0.76687100,,,0.10,"GBP",0.02,USD,,,,,,,,,,
Dividend (Dividend),2025-05-23 12:26:30,CA7800871021,RY,"Royal Bank of Canada",,,0.0621065000,0.909840,USD,0.70787700,,,0.04,"GBP",0.01,USD,,,,,,,,,,
Dividend (Dividend),2025-05-27 12:29:16,CA0636711016,BMO,"Bank of Montreal",,,0.0768810000,0.983653,USD,0.79339700,,,0.06,"GBP",0.01,USD,,,,,,,,,,
Dividend (Dividend),2025-05-29 12:58:04,IE00B1TXK627,DH2O,"iShares Global Water (Dist)",,,3.0382870000,0.461900,USD,0.74106500,,,1.04,"GBP",0.00,USD,,,,,,,,,,
Dividend (Dividend),2025-05-29 13:09:33,IE00B2NPKV68,SEMB,"iShares J.P. Morgan USD EM Bond (Dist)",,,0.0803485700,33.896539,GBX,0.01000000,,,0.03,"GBP",-0.00,GBX,,,,,,,,,,
Dividend (Dividend),2025-05-30 12:57:32,IE00B7N3YW49,SSHY,"PIMCO US Short-Term High Yield Corporate Bond (Dist)",,,0.0443060000,0.418008,GBP,1.00000000,,,0.02,"GBP",-0.00,GBP,,,,,,,,,,
Dividend (Dividend),2025-05-30 13:02:41,US5021751020,LTC,"LTC Properties",,,0.1999160000,0.161500,USD,0.61945500,,,0.02,"GBP",0.01,USD,,,,,,,,,,
Dividend (Dividend),2025-06-04 10:28:17,IE00BDD48R20,VUSC,"Vanguard USD Corporate 1-3 Year Bond (Dist)",,,0.0595740000,0.200921,EUR,0.83544500,,,0.01,"GBP",0.00,EUR,,,,,,,,,,
Dividend (Dividend),2025-06-04 10:33:20,IE00B42WWV65,VGOV,"Vanguard U.K. Gilt (Dist)",,,0.4662150000,0.067703,GBP,1.00000000,,,0.03,"GBP",0.00,GBP,,,,,,,,,,
Dividend (Dividend),2025-06-10 13:41:05,US00123Q1040,AGNC,"AGNC Investment",,,1.1357490000,0.102000,USD,0.77689100,,,0.09,"GBP",0.02,USD,,,,,,,,,,
Dividend (Dividend),2025-06-10 14:01:04,US4592001014,IBM,"IBM",,,0.0402649000,1.428000,USD,0.69567300,,,0.04,"GBP",0.01,USD,,,,,,,,,,
Dividend (Dividend),2025-06-12 12:25:41,US5949181045,MSFT,"Microsoft",,,1.9988155000,0.705500,USD,0.73750300,,,1.04,"GBP",0.25,USD,,,,,,,,,,
Dividend (Dividend),2025-06-13 12:48:05,US0084921008,ADC,"Agree Realty",,,0.1016940000,0.217600,USD,0.90380700,,,0.02,"GBP",0.00,USD,,,,,,,,,,
Dividend (Dividend),2025-06-13 12:59:12,US56035L1044,MAIN,"Main Street Capital",,,0.1281320000,0.212500,USD,0.73453700,,,0.02,"GBP",0.00,USD,,,,,,,,,,
Dividend adjustment,2025-06-13 13:16:14,,,,"2024 US dividends withholding tax adjustment",a179f5fb-2d80-4676-b518-c46a06246954,,,,,,,0.05,"GBP",,,,,,,,,,,,
Dividend (Dividend),2025-06-13 13:22:54,US38147U1079,GSBD,"Goldman Sachs BDC",,,0.7406610000,0.042500,USD,0.63536300,,,0.02,"GBP",0.01,USD,,,,,,,,,,
Dividend (Dividend),2025-06-13 13:43:19,US7561091049,O,"Realty Income",,,0.1342730000,0.228225,USD,0.65264700,,,0.02,"GBP",0.01,USD,,,,,,,,,,
Dividend (Dividend),2025-06-16 12:18:39,US88032Q1094,TCEHY,"Tencent",,,4.0560700000,0.572613,USD,0.73625700,,,1.71,"GBP",0.00,USD,,,,,,,,,,
Dividend (Dividend),2025-06-16 12:28:47,US85254J1025,STAG,"STAG Industrial",,,0.1502270000,0.105542,USD,0.63070600,,,0.01,"GBP",0.00,USD,,,,,,,,,,
Dividend (Dividend),2025-06-16 13:01:30,US02079K3059,GOOGL,"Alphabet (Class A)",,,4.8849082000,0.178500,USD,0.73398200,,,0.64,"GBP",0.15,USD,,,,,,,,,,
Dividend (Dividend),2025-06-18 13:35:22,US74348T1025,PSEC,"Prospect Capital",,,3.4091500000,0.038250,USD,0.76687100,,,0.10,"GBP",0.02,USD,,,,,,,,,,
Dividend (Dividend),2025-06-20 09:33:37,IE0032077012,EQQQ,"Invesco EQQQ Nasdaq-100 (Dist)",,,0.4424437200,37.383247,GBX,0.01000000,,,0.17,"GBP",-0.00,GBX,,,,,,,,,,
Dividend (Dividend),2025-06-25 11:59:42,IE00BYWZ0333,RBOD,"iShares Automation & Robotics (Dist)",,,16.4888100000,0.026600,USD,0.72959000,,,0.32,"GBP",0.00,USD,,,,,,,,,,
Dividend (Dividend),2025-06-25 12:03:35,IE00B2NPKV68,SEMB,"iShares J.P. Morgan USD EM Bond (Dist)",,,0.0803485700,34.468585,GBX,0.01000000,,,0.03,"GBP",-0.00,GBX,,,,,,,,,,
Dividend (Dividend),2025-06-26 12:31:09,US30303M1027,META,"Meta Platforms",,,1.1810314000,0.446250,USD,0.72101400,,,0.38,"GBP",0.09,USD,,,,,,,,,,
Dividend (Dividend),2025-06-27 15:04:54,US56035L1044,MAIN,"Main Street Capital",,,0.1281320000,0.255000,USD,0.61211400,,,0.02,"GBP",0.01,USD,,,,,,,,,,
Dividend (Dividend),2025-06-27 15:13:43,US38141G1040,GS,"Goldman Sachs",,,0.3348050000,2.550000,USD,0.72620600,,,0.62,"GBP",0.15,USD,,,,,,,,,,
Dividend (Dividend),2025-06-27 15:40:33,US74144T1088,TROW,"T Rowe Price",,,0.0810365000,1.079500,USD,0.68588000,,,0.06,"GBP",0.02,USD,,,,,,,,,,
Dividend (Dividend),2025-06-30 13:43:18,US09259E1082,TCPC,"BlackRock TCP Capital",,,1.7547900000,0.212500,USD,0.72406900,,,0.27,"GBP",0.07,USD,,,,,,,,,,
Dividend (Dividend),2025-06-30 13:48:02,US09259E1082,TCPC,"BlackRock TCP Capital",,,1.7547900000,0.034000,USD,0.67043400,,,0.04,"GBP",0.01,USD,,,,,,,,,,
Dividend (Dividend),2025-06-30 14:07:51,IE00B7N3YW49,SSHY,"PIMCO US Short-Term High Yield Corporate Bond (Dist)",,,0.0443060000,0.440327,GBP,1.00000000,,,0.02,"GBP",0.00,GBP,,,,,,,,,,
Dividend (Dividend),2025-06-30 15:16:25,US5021751020,LTC,"LTC Properties",,,0.1999160000,0.161500,USD,0.61945500,,,0.02,"GBP",0.01,USD,,,,,,,,,,
Dividend (Dividend),2025-07-02 11:23:19,IE00B42WWV65,VGOV,"Vanguard U.K. Gilt (Dist)",,,0.4662150000,0.053929,GBP,1.00000000,,,0.03,"GBP",0.00,GBP,,,,,,,,,,
Dividend (Dividend),2025-07-02 11:48:12,IE00BDD48R20,VUSC,"Vanguard USD Corporate 1-3 Year Bond (Dist)",,,0.0595740000,0.154426,EUR,1.08698300,,,0.01,"GBP",-0.00,EUR,,,,,,,,,,
Dividend (Dividend),2025-07-02 12:21:23,IE00B3XXRP09,VUSA,"Vanguard S&P 500 (Dist)",,,3.0251390000,0.227797,GBP,1.00000000,,,0.69,"GBP",-0.00,GBP,,,,,,,,,,
Dividend (Dividend),2025-07-03 12:38:44,CA1363851017,CNQ,"Canadian Natural Resources",,,0.3176070000,0.367179,USD,0.77174600,,,0.09,"GBP",0.02,USD,,,,,,,,,,
Dividend (Dividend),2025-07-03 13:16:09,US67066G1040,NVDA,"Nvidia",,,3.6500055000,0.008500,USD,0.64464000,,,0.02,"GBP",0.01,USD,,,,,,,,,,
Market sell,2025-07-10 13:30:03,CA1363851017,CNQ,"Canadian Natural Resources",,EOF35451621568,0.0452564900,31.7500000000,USD,1.35555995,-0.04,"GBP",1.06,"GBP",,,,,,,,,,,,
Market sell,2025-07-10 13:30:03,US0084921008,ADC,"Agree Realty",,EOF35451623083,0.0191978400,70.6100000000,USD,1.35555948,-0.11,"GBP",1.00,"GBP",,,,,,,,,,,,
Market sell,2025-07-10 13:30:03,IE00BTN1Y115,MDT,"Medtronic",,EOF35451622632,0.0152224500,89.0500000000,USD,1.35555917,-0.06,"GBP",1.00,"GBP",,,,,,,,,,,,
Market sell,2025-07-10 13:30:06,US46625H1005,JPM,"JPMorgan Chase & Co",,EOF35451628573,0.0145239600,282.8000000000,USD,1.35556960,0.89,"GBP",3.03,"GBP",,,,,,,,,,,,
Market sell,2025-07-10 13:30:10,US4592001014,IBM,"IBM",,EOF35451639741,0.0047026500,288.2500000000,USD,1.35553886,0.27,"GBP",1.00,"GBP",,,,,,,,,,,,
Market buy,2025-07-10 13:30:27,GB0002875804,BATS,"British American Tobacco",,EOF35451643947,0.0296195600,3680.0000000000,GBX,100.00000000,,,1.10,"GBP",,,,,,,0.01,"GBP",,,,
Market buy,2025-07-10 13:30:28,CA0636711016,BMO,"Bank of Montreal",,EOF35451644021,0.0196508500,113.1100000000,USD,1.35530953,,,1.64,"GBP",,,,,,,,,,,,
Market buy,2025-07-10 13:30:29,US00123Q1040,AGNC,"AGNC Investment",,EOF35451644053,0.2448633100,9.5200000000,USD,1.35528994,,,1.72,"GBP",,,,,,,,,,,,
Market buy,2025-07-10 13:30:31,US74348T1025,PSEC,"Prospect Capital",,EOF35451644335,1.2078868500,3.3100000000,USD,1.35528999,,,2.95,"GBP",,,,,,,,,,,,
Market buy,2025-07-10 13:30:34,CA0641491075,BNS,"Bank of Nova Scotia",,EOF35451644475,0.0710833700,54.7200000000,USD,1.35528989,,,2.87,"GBP",,,,,,,,,,,,
Market buy,2025-07-10 13:30:36,US5021751020,LTC,"LTC Properties",,EOF35451644576,0.0456839300,35.6000000000,USD,1.35528992,,,1.20,"GBP",,,,,,,,,,,,
Market buy,2025-07-10 13:30:38,IE00BDD48R20,VUSC,"Vanguard USD Corporate 1-3 Year Bond (Dist)",,EOF35451644674,0.0287677800,42.2860000000,EUR,1.15854699,,,1.05,"GBP",,,,,,,,,,,,
Market buy,2025-07-10 13:30:43,IE00B2NPKV68,SEMB,"iShares J.P. Morgan USD EM Bond (Dist)",,EOF35451644774,0.0170411700,6631.0000000000,GBX,100.00000000,,,1.13,"GBP",,,,,,,,,,,,
Market buy,2025-07-10 13:30:55,US38147U1079,GSBD,"Goldman Sachs BDC",,EOF35451645067,0.2085957900,11.6300000000,USD,1.35528996,,,1.79,"GBP",,,,,,,,,,,,
Dividend (Dividend),2025-07-10 13:38:43,US01609W1027,BABA,"Alibaba",,,2.5774028000,1.050000,USD,0.73532900,,,1.99,"GBP",0.00,USD,,,,,,,,,,
Dividend (Dividend),2025-07-10 13:53:05,US01609W1027,BABA,"Alibaba",,,2.5774028000,0.950000,USD,0.73513400,,,1.80,"GBP",0.00,USD,,,,,,,,,,
Dividend (Dividend),2025-07-10 14:03:02,US00123Q1040,AGNC,"AGNC Investment",,,1.1357490000,0.102000,USD,0.77689100,,,0.09,"GBP",0.02,USD,,,,,,,,,,
Dividend (Dividend),2025-07-10 14:13:44,US79466L3024,CRM,"Salesforce",,,1.9734494000,0.353600,USD,0.73085600,,,0.51,"GBP",0.12,USD,,,,,,,,,,
Dividend (Dividend),2025-07-11 11:09:07,IE00BTN1Y115,MDT,"Medtronic",,,0.0797730000,0.532500,USD,0.70622900,,,0.03,"GBP",0.01,USD,,,,,,,,,,
Market sell,2025-07-11 14:40:17,US0231351067,AMZN,"Amazon",,EOF35505108702,0.1829688800,224.3100000000,USD,1.34916993,7.44,"GBP",30.37,"GBP",,,,,,,,,0.05,"GBP",,
Market sell,2025-07-11 14:40:17,US67066G1040,NVDA,"Nvidia",,EOF35505108706,0.9202589700,167.2500000000,USD,1.34916999,42.52,"GBP",113.91,"GBP",,,,,,,,,0.17,"GBP",,
Market sell,2025-07-11 14:40:17,US5949181045,MSFT,"Microsoft",,EOF35505108721,0.1745409000,501.8200000000,USD,1.34916996,14.50,"GBP",64.82,"GBP",,,,,,,,,0.10,"GBP",,
Market sell,2025-07-11 14:40:17,IE000I8KRLL9,SEC0,"iShares MSCI Global Semiconductors (Acc)",,EOF35505108726,8.1356156400,7.2560000000,EUR,1.15454776,11.73,"GBP",51.05,"GBP",,,,,,,,,0.08,"GBP",,
Market sell,2025-07-11 14:40:17,US46625H1005,JPM,"JPMorgan Chase & Co",,EOF35505108730,0.0277941000,285.9100000000,USD,1.34916997,1.79,"GBP",5.88,"GBP",,,,,,,,,0.01,"GBP",,
Market sell,2025-07-11 14:40:18,US0567521085,BIDU,"Baidu",,EOF35505108734,0.1760723700,87.6600000000,USD,1.34916992,-1.99,"GBP",11.42,"GBP",,,,,,,,,0.02,"GBP",,
Market sell,2025-07-11 14:40:18,US30303M1027,META,"Meta Platforms",,EOF35505108738,0.1150285300,715.0000000000,USD,1.34916993,21.29,"GBP",60.87,"GBP",,,,,,,,,0.09,"GBP",,
Market sell,2025-07-11 14:40:28,US58733R1023,MELI,"MercadoLibre",,EOF35505108879,0.0055370900,2405.0000000000,USD,1.34920987,2.21,"GBP",9.86,"GBP",,,,,,,,,0.01,"GBP",,
Market buy,2025-07-11 14:40:28,US02079K3059,GOOGL,"Alphabet (Class A)",,EOF35505108892,0.2595779600,177.7800000000,USD,1.34934999,,,34.25,"GBP",,,,,,,,,0.05,"GBP",,
Market buy,2025-07-11 14:40:28,US0378331005,AAPL,"Apple",,EOF35505108889,0.3889667100,211.3700000000,USD,1.34934996,,,61.02,"GBP",,,,,,,,,0.09,"GBP",,
Market buy,2025-07-11 14:40:28,US01609W1027,BABA,"Alibaba",,EOF35505108911,0.9820444500,107.0500000000,USD,1.34934999,,,78.03,"GBP",,,,,,,,,0.12,"GBP",,
Market buy,2025-07-11 14:40:30,US79466L3024,CRM,"Salesforce",,EOF35505108928,0.3663729700,260.5700000000,USD,1.34933999,,,70.86,"GBP",,,,,,,,,0.11,"GBP",,
Market buy,2025-07-11 14:40:31,IE00B3XXRP09,VUSA,"Vanguard S&P 500 (Dist)",,EOF35505108945,0.8282448300,87.9450100000,GBP,1.00000000,,,72.84,"GBP",,,,,,,,,,,,
Market buy,2025-07-11 14:40:37,US88032Q1094,TCEHY,"Tencent",,EOF35505108970,0.7632713800,63.2900000000,USD,1.34936998,,,35.85,"GBP",,,,,,,,,0.05,"GBP",,
Dividend (Dividend),2025-07-15 12:38:27,US56035L1044,MAIN,"Main Street Capital",,,0.1281320000,0.216750,USD,0.72013400,,,0.02,"GBP",0.00,USD,,,,,,,,,,
Dividend (Dividend),2025-07-15 12:52:55,US85254J1025,STAG,"STAG Industrial",,,0.1502270000,0.105542,USD,0.63070600,,,0.01,"GBP",0.00,USD,,,,,,,,,,
Dividend (Dividend),2025-07-15 13:35:39,US7561091049,O,"Realty Income",,,0.1342730000,0.228650,USD,0.65143400,,,0.02,"GBP",0.01,USD,,,,,,,,,,
Dividend (Dividend),2025-07-15 13:50:40,US0084921008,ADC,"Agree Realty",,,0.1016940000,0.217600,USD,0.90380700,,,0.02,"GBP",0.00,USD,,,,,,,,,,
Dividend (Dividend),2025-07-22 08:42:00,US74348T1025,PSEC,"Prospect Capital",,,3.4091500000,0.038250,USD,0.76687100,,,0.10,"GBP",0.02,USD,,,,,,,,,,
Dividend (Dividend),2025-07-28 11:14:23,US38147U1079,GSBD,"Goldman Sachs BDC",,,0.7406610000,0.136000,USD,0.79420300,,,0.08,"GBP",0.02,USD,,,,,,,,,,
Dividend (Dividend),2025-07-28 11:15:53,US38147U1079,GSBD,"Goldman Sachs BDC",,,0.7406610000,0.272000,USD,0.74456500,,,0.15,"GBP",0.04,USD,,,,,,,,,,
Dividend (Dividend),2025-07-29 11:09:54,CA0641491075,BNS,"Bank of Nova Scotia",,,0.1283080000,0.680748,USD,0.80141600,,,0.07,"GBP",0.02,USD,,,,,,,,,,
Dividend (Dividend),2025-07-30 12:23:04,IE00B2NPKV68,SEMB,"iShares J.P. Morgan USD EM Bond (Dist)",,,0.0973897400,33.088621,GBX,0.01000000,,,0.03,"GBP",-0.00,GBX,,,,,,,,,,
Dividend (Dividend),2025-07-30 12:28:20,IE00BDD48R20,VUSC,"Vanguard USD Corporate 1-3 Year Bond (Dist)",,,0.0883417800,0.193296,EUR,0.58561300,,,0.01,"GBP",-0.00,EUR,,,,,,,,,,
Dividend (Dividend),2025-07-30 12:35:37,IE00B42WWV65,VGOV,"Vanguard U.K. Gilt (Dist)",,,0.4662150000,0.067305,GBP,1.00000000,,,0.03,"GBP",0.00,GBP,,,,,,,,,,
Dividend (Dividend),2025-07-31 12:36:56,US5021751020,LTC,"LTC Properties",,,0.2455999300,0.161500,USD,0.75634600,,,0.03,"GBP",0.01,USD,,,,,,,,,,
Dividend (Dividend),2025-07-31 13:10:16,US46625H1005,JPM,"JPMorgan Chase & Co",,,1.4064091000,1.190000,USD,0.75285600,,,1.26,"GBP",0.30,USD,,,,,,,,,,
Dividend (Dividend),2025-07-31 13:47:30,IE00B7N3YW49,SSHY,"PIMCO US Short-Term High Yield Corporate Bond (Dist)",,,0.0443060000,0.377121,GBP,1.00000000,,,0.02,"GBP",0.00,GBP,,,,,,,,,,
Dividend (Dividend),2025-08-01 11:27:55,GB0002875804,BATS,"British American Tobacco",,,0.2380581400,60.060000,GBX,0.01000000,,,0.14,"GBP",0.00,GBX,,,,,,,,,,
Dividend (Dividend),2025-08-01 11:48:45,US00206R1023,T,"AT&T",,,0.2738220000,0.235875,USD,0.77414000,,,0.05,"GBP",0.01,USD,,,,,,,,,,
Market sell,2025-08-01 13:31:15,IE00B3WJKG14,IITU,"iShares S&P 500 Information Technology Sector (Acc)",,EOF36556888194,0.3748680000,2841.0000000000,GBX,100.00000000,3.35,"GBP",10.65,"GBP",,,,,,,,,,,,
Market sell,2025-08-01 13:31:15,IE0032077012,EQQQ,"Invesco EQQQ Nasdaq-100 (Dist)",,EOF36556888185,0.0060706600,42170.0000000000,GBX,100.00000000,0.64,"GBP",2.56,"GBP",,,,,,,,,,,,
Market sell,2025-08-01 13:31:16,IE00BM9GRQ71,FEMP,"Fidelity Sustainable USD EM Bond (Acc)",,EOF36556888212,7.1049643900,4.8445000000,GBP,1.00000000,3.30,"GBP",34.42,"GBP",,,,,,,,,,,,
Market sell,2025-08-01 13:31:16,US38141G1040,GS,"Goldman Sachs",,EOF36556888227,0.0455667000,702.0000000000,USD,1.32894987,9.34,"GBP",24.03,"GBP",,,,,,,,,0.04,"GBP",,
Market sell,2025-08-01 13:31:16,US0846707026,BRK.B,"Berkshire Hathaway (Class B)",,EOF36556888223,0.0762689500,473.2500000000,USD,1.32894994,1.59,"GBP",27.12,"GBP",,,,,,,,,0.04,"GBP",,
Market sell,2025-08-01 13:31:17,IE000I8KRLL9,SEMI,"iShares MSCI Global Semiconductors (Acc)",,EOF36556888236,1.9257706300,8.0670000000,USD,1.32892999,1.19,"GBP",11.67,"GBP",,,,,,,,,0.02,"GBP",,
Market buy,2025-08-01 13:31:17,IE00B1TXK627,DH2O,"iShares Global Water (Dist)",,EOF36556888248,0.2932972300,73.8200000000,USD,1.32910997,,,16.31,"GBP",,,,,,,,,0.02,"GBP",,
Market buy,2025-08-01 13:31:17,IE00B5BMR087,SXR8,"iShares Core S&P 500 (Acc)",,EOF36556888245,0.0437580000,578.3200000000,EUR,1.14871205,,,22.06,"GBP",,,,,,,,,0.03,"GBP",,
Market buy,2025-08-01 13:31:18,IE00BK5BQT80,VWCE,"Vanguard FTSE All-World (Acc)",,EOF36556888264,0.0973444400,132.4000000000,EUR,1.14869909,,,11.24,"GBP",,,,,,,,,0.02,"GBP",,
Market buy,2025-08-01 13:31:21,IE00BYWZ0333,RBOD,"iShares Automation & Robotics (Dist)",,EOF36556888330,7.8194056800,10.0200000000,USD,1.32909999,,,59.04,"GBP",,,,,,,,,0.09,"GBP",,
Market buy,2025-08-01 13:31:22,IE00BK5BC891,GLGG,"L&G Clean Water (Acc)",,EOF36556888358,0.2328382100,1494.6000000000,GBX,100.00000000,,,3.48,"GBP",,,,,,,,,,,,
Dividend (Dividend),2025-08-11 13:17:11,US00123Q1040,AGNC,"AGNC Investment",,,1.3806123100,0.102000,USD,0.71011400,,,0.10,"GBP",0.02,USD,,,,,,,,,,
Dividend (Dividend),2025-08-14 09:45:14,US0378331005,AAPL,"Apple",,,2.8850783100,0.221000,USD,0.73713700,,,0.47,"GBP",0.11,USD,,,,,,,,,,
Dividend (Dividend),2025-08-14 10:26:44,US0084921008,ADC,"Agree Realty",,,0.0824961600,0.217600,USD,0.55706700,,,0.01,"GBP",0.00,USD,,,,,,,,,,
Dividend (Dividend),2025-08-15 09:11:07,US56035L1044,MAIN,"Main Street Capital",,,0.1281320000,0.216750,USD,0.72013400,,,0.02,"GBP",0.00,USD,,,,,,,,,,
Dividend (Dividend),2025-08-15 09:55:25,US7561091049,O,"Realty Income",,,0.1342730000,0.228650,USD,0.65143400,,,0.02,"GBP",0.01,USD,,,,,,,,,,
Dividend (Dividend),2025-08-15 10:18:50,US85254J1025,STAG,"STAG Industrial",,,0.1502270000,0.105542,USD,0.63070600,,,0.01,"GBP",0.00,USD,,,,,,,,,,
Dividend (Dividend),2025-08-20 12:56:26,US74348T1025,PSEC,"Prospect Capital",,,4.6170368500,0.038250,USD,0.73612000,,,0.13,"GBP",0.03,USD,,,,,,,,,,
Deposit,2025-08-20 14:14:53,,,,"Transaction ID: DZJ22WGF7WJ8M8X3",08e9c626-092c-4f37-a6ad-c25be5be97a7,,,,,,,60.00,"GBP",,,60.42,"GBP",-0.42,"GBP",,,,,,
Market buy,2025-08-20 14:15:37,US02079K3059,GOOGL,"Alphabet (Class A)",,EOF37503337168,0.0271845800,197.7300000000,USD,1.34716967,,,4.00,"GBP",,,,,,,,,0.01,"GBP",,
Market buy,2025-08-20 14:15:37,IE00B3XXRP09,VUSA,"Vanguard S&P 500 (Dist)",,EOF37503337165,0.0223363800,89.5400100000,GBP,1.00000000,,,2.00,"GBP",,,,,,,,,,,,
Market buy,2025-08-20 14:15:37,US0378331005,AAPL,"Apple",,EOF37503337162,0.0157563700,227.4300000000,USD,1.34716963,,,2.66,"GBP",,,,,,,,,,,,
Market buy,2025-08-20 14:15:37,US0231351067,AMZN,"Amazon",,EOF37503337177,0.0241745300,222.3500000000,USD,1.34716961,,,4.00,"GBP",,,,,,,,,0.01,"GBP",,
Market buy,2025-08-20 14:15:37,US67066G1040,NVDA,"Nvidia",,EOF37503337174,0.0158462600,170.0300000000,USD,1.34716979,,,2.00,"GBP",,,,,,,,,,,,
Market buy,2025-08-20 14:15:37,IE000I8KRLL9,SEC0,"iShares MSCI Global Semiconductors (Acc)",,EOF37503337171,0.2742184000,6.9960000000,EUR,1.15568188,,,1.66,"GBP",,,,,,,,,,,,
Market buy,2025-08-20 14:15:38,US46625H1005,JPM,"JPMorgan Chase & Co",,EOF37503337190,0.0077119100,289.9800000000,USD,1.34716847,,,1.66,"GBP",,,,,,,,,,,,
Market buy,2025-08-20 14:15:39,US0567521085,BIDU,"Baidu",,EOF37503337201,0.0204000400,87.8300000000,USD,1.34716955,,,1.33,"GBP",,,,,,,,,,,,
Market buy,2025-08-20 14:15:39,US30303M1027,META,"Meta Platforms",,EOF37503337207,0.0061036700,734.9800000000,USD,1.34716978,,,3.33,"GBP",,,,,,,,,,,,
Market buy,2025-08-20 14:15:39,US01609W1027,BABA,"Alibaba",,EOF37503337204,0.0187703700,119.1400000000,USD,1.34716980,,,1.66,"GBP",,,,,,,,,,,,
Market buy,2025-08-20 14:15:40,US5949181045,MSFT,"Microsoft",,EOF37503337212,0.0105884100,507.6500000000,USD,1.34716950,,,4.00,"GBP",,,,,,,,,0.01,"GBP",,
Market buy,2025-08-20 14:15:42,US79466L3024,CRM,"Salesforce",,EOF37503337226,0.0146151300,245.2000000000,USD,1.34722927,,,2.66,"GBP",,,,,,,,,,,,
Market buy,2025-08-20 14:15:52,US58733R1023,MELI,"MercadoLibre",,EOF37503337386,0.0005733200,2349.7600000000,USD,1.34716440,,,1.00,"GBP",,,,,,,,,,,,
Market buy,2025-08-20 14:16:17,US88032Q1094,TCEHY,"Tencent",,EOF37503337595,0.0237916500,75.3100000000,USD,1.34717982,,,1.33,"GBP",,,,,,,,,,,,
Market sell,2025-08-20 14:16:30,IE00B1TXK627,DH2O,"iShares Global Water (Dist)",,EOF37503337685,0.0521749300,76.4200000000,USD,1.34702978,0.35,"GBP",2.96,"GBP",,,,,,,,,,,,
Market sell,2025-08-20 14:16:31,US0846707026,BRK.B,"Berkshire Hathaway (Class B)",,EOF37503337694,0.0027481400,490.1600000000,USD,1.34702830,0.08,"GBP",1.00,"GBP",,,,,,,,,,,,
Market sell,2025-08-20 14:16:31,IE00BK5BC891,GLGG,"L&G Clean Water (Acc)",,EOF37503337698,0.0748892900,1535.6000000000,GBX,100.00000000,0.12,"GBP",1.15,"GBP",,,,,,,,,,,,
Market buy,2025-08-20 14:16:31,IE00B5BMR087,SXR8,"iShares Core S&P 500 (Acc)",,EOF37503337711,0.0037529000,582.0200000000,EUR,1.15569463,,,1.89,"GBP",,,,,,,,,,,,
Market buy,2025-08-20 14:16:31,IE0032077012,EQQQ,"Invesco EQQQ Nasdaq-100 (Dist)",,EOF37503337708,0.0087838900,41781.0000000000,GBX,100.00000000,,,3.67,"GBP",,,,,,,,,,,,
Market buy,2025-08-20 14:16:31,IE00BYWZ0333,RBOD,"iShares Automation & Robotics (Dist)",,EOF37503337714,0.9313698700,9.9225000000,USD,1.34715999,,,6.87,"GBP",,,,,,,,,0.01,"GBP",,
Market buy,2025-08-20 14:16:31,IE00B3WJKG14,IITU,"iShares S&P 500 Information Technology Sector (Acc)",,EOF37503337717,0.2786767300,2781.0000000000,GBX,100.00000000,,,7.75,"GBP",,,,,,,,,,,,
Market buy,2025-08-20 14:16:32,US38141G1040,GS,"Goldman Sachs",,EOF37503337720,0.0045455800,711.2800000000,USD,1.34715839,,,2.40,"GBP",,,,,,,,,,,,
Market buy,2025-08-20 14:16:32,IE000I8KRLL9,SEMI,"iShares MSCI Global Semiconductors (Acc)",,EOF37503337724,0.2496559200,8.1480000000,USD,1.34714995,,,1.51,"GBP",,,,,,,,,,,,
Market sell,2025-08-20 14:58:47,US02079K3059,GOOGL,"Alphabet (Class A)",,EOF37505056005,0.3715392000,196.9700000000,USD,1.34723998,11.95,"GBP",54.24,"GBP",,,,,,,,,0.08,"GBP",,
Market sell,2025-08-20 14:58:47,US01609W1027,BABA,"Alibaba",,EOF37505056009,0.2654565100,118.8100000000,USD,1.34723998,3.99,"GBP",23.37,"GBP",,,,,,,,,0.04,"GBP",,
Market sell,2025-08-20 14:58:47,US0378331005,AAPL,"Apple",,EOF37505056001,0.1177823700,226.4800000000,USD,1.34723995,1.74,"GBP",19.77,"GBP",,,,,,,,,0.03,"GBP",,
Market sell,2025-08-20 14:58:56,US88032Q1094,TCEHY,"Tencent",,EOF37505056032,0.6512751700,75.1300000000,USD,1.34719998,10.95,"GBP",36.27,"GBP",,,,,,,,,0.05,"GBP",,
Market buy,2025-08-20 14:58:56,US5949181045,MSFT,"Microsoft",,EOF37505056045,0.0292762800,507.1500000000,USD,1.34731990,,,11.04,"GBP",,,,,,,,,0.02,"GBP",,
Market buy,2025-08-20 14:58:56,US0231351067,AMZN,"Amazon",,EOF37505056051,0.1680194400,221.4000000000,USD,1.34731995,,,27.65,"GBP",,,,,,,,,0.04,"GBP",,
Market buy,2025-08-20 14:58:56,IE00B3XXRP09,VUSA,"Vanguard S&P 500 (Dist)",,EOF37505056048,0.0490042500,89.3800000000,GBP,1.00000000,,,4.38,"GBP",,,,,,,,,,,,
Market buy,2025-08-20 14:58:56,US46625H1005,JPM,"JPMorgan Chase & Co",,EOF37505056056,0.0169497900,290.1300000000,USD,1.34729933,,,3.66,"GBP",,,,,,,,,0.01,"GBP",,
Market buy,2025-08-20 14:58:57,US67066G1040,NVDA,"Nvidia",,EOF37505056059,0.0429073200,169.5600000000,USD,1.34728984,,,5.41,"GBP",,,,,,,,,0.01,"GBP",,
Market buy,2025-08-20 14:58:57,US58733R1023,MELI,"MercadoLibre",,EOF37505056062,0.0058572800,2337.0000000000,USD,1.34728970,,,10.18,"GBP",,,,,,,,,0.02,"GBP",,
Market buy,2025-08-20 14:58:57,US79466L3024,CRM,"Salesforce",,EOF37505056068,0.2174573300,245.1000000000,USD,1.34728997,,,39.62,"GBP",,,,,,,,,0.06,"GBP",,
Market buy,2025-08-20 14:58:59,US0567521085,BIDU,"Baidu",,EOF37505056073,0.1792072700,85.6300000000,USD,1.34727994,,,11.41,"GBP",,,,,,,,,0.02,"GBP",,
Market buy,2025-08-20 14:59:08,IE000I8KRLL9,SEC0,"iShares MSCI Global Semiconductors (Acc)",,EOF37505056124,3.2150709200,6.9990000000,EUR,1.15514791,,,19.51,"GBP",,,,,,,,,0.03,"GBP",,
Dividend (Dividend),2025-08-22 09:30:24,CA7800871021,RY,"Royal Bank of Canada",,,0.0621065000,0.940624,USD,0.68471000,,,0.04,"GBP",0.01,USD,,,,,,,,,,
Dividend (Dividend),2025-08-26 12:13:14,CA0636711016,BMO,"Bank of Montreal",,,0.0965318500,1.000202,USD,0.72500300,,,0.07,"GBP",0.02,USD,,,,,,,,,,
Dividend (Dividend),2025-08-27 12:42:22,IE00B2NPKV68,SEMB,"iShares J.P. Morgan USD EM Bond (Dist)",,,0.0973897400,35.780635,GBX,0.01000000,,,0.03,"GBP",-0.00,GBX,,,,,,,,,,
Dividend (Dividend),2025-08-29 09:50:27,IE00B7N3YW49,SSHY,"PIMCO US Short-Term High Yield Corporate Bond (Dist)",,,0.0443060000,0.484919,GBP,1.00000000,,,0.02,"GBP",-0.00,GBP,,,,,,,,,,
Dividend (Dividend),2025-08-29 09:58:02,US5021751020,LTC,"LTC Properties",,,0.2455999300,0.161500,USD,0.75634600,,,0.03,"GBP",0.01,USD,,,,,,,,,,
Dividend (Dividend),2025-09-03 12:11:02,IE00B42WWV65,VGOV,"Vanguard U.K. Gilt (Dist)",,,0.4662150000,0.065920,GBP,1.00000000,,,0.03,"GBP",0.00,GBP,,,,,,,,,,
Dividend (Dividend),2025-09-03 12:18:01,IE00BDD48R20,VUSC,"Vanguard USD Corporate 1-3 Year Bond (Dist)",,,0.0883417800,0.180534,EUR,0.62701100,,,0.01,"GBP",0.00,EUR,,,,,,,,,,
Dividend (Dividend),2025-09-10 10:57:12,US00123Q1040,AGNC,"AGNC Investment",,,1.3806123100,0.102000,USD,0.71011400,,,0.10,"GBP",0.02,USD,,,,,,,,,,
Dividend (Dividend),2025-09-10 12:01:40,US4592001014,IBM,"IBM",,,0.0355622500,1.428000,USD,0.78766700,,,0.04,"GBP",0.01,USD,,,,,,,,,,
Dividend (Dividend),2025-09-11 12:40:07,US5949181045,MSFT,"Microsoft",,,1.8641392900,0.705500,USD,0.73755800,,,0.97,"GBP",0.23,USD,,,,,,,,,,
Dividend (Dividend),2025-09-15 11:21:40,US56035L1044,MAIN,"Main Street Capital",,,0.1281320000,0.216750,USD,0.72013400,,,0.02,"GBP",0.00,USD,,,,,,,,,,
Dividend (Dividend),2025-09-15 11:38:10,US85254J1025,STAG,"STAG Industrial",,,0.1502270000,0.105542,USD,0.63070600,,,0.01,"GBP",0.00,USD,,,,,,,,,,
Dividend (Dividend),2025-09-15 11:47:43,US38147U1079,GSBD,"Goldman Sachs BDC",,,0.9492567900,0.025500,USD,0.82624000,,,0.02,"GBP",0.00,USD,,,,,,,,,,
Dividend (Dividend),2025-09-15 12:01:25,US7561091049,O,"Realty Income",,,0.1342730000,0.228650,USD,0.65143400,,,0.02,"GBP",0.01,USD,,,,,,,,,,
Dividend (Dividend),2025-09-15 12:25:42,US0084921008,ADC,"Agree Realty",,,0.0824961600,0.217600,USD,0.55706700,,,0.01,"GBP",0.00,USD,,,,,,,,,,
Dividend (Dividend),2025-09-15 12:46:51,US02079K3059,GOOGL,"Alphabet (Class A)",,,4.8001315400,0.178500,USD,0.73527400,,,0.63,"GBP",0.15,USD,,,,,,,,,,
Market sell,2025-09-16 15:00:16,US0567521085,BIDU,"Baidu",,EOF38855098242,2.2440513300,120.8400000000,USD,1.36561999,28.91,"GBP",198.27,"GBP",,,,,,,,,0.30,"GBP",,
Market sell,2025-09-16 15:00:16,US02079K3059,GOOGL,"Alphabet (Class A)",,EOF38855098238,0.6496422200,250.9500000000,USD,1.36561999,45.30,"GBP",119.20,"GBP",,,,,,,,,0.18,"GBP",,
Market sell,2025-09-16 15:00:16,IE000I8KRLL9,SEC0,"iShares MSCI Global Semiconductors (Acc)",,EOF38855098246,0.9953223700,7.7330000000,EUR,1.15221974,1.77,"GBP",6.67,"GBP",,,,,,,,,0.01,"GBP",,
Market sell,2025-09-16 15:00:16,US79466L3024,CRM,"Salesforce",,EOF38855098253,0.0363787800,239.5000000000,USD,1.36562975,-0.89,"GBP",6.37,"GBP",,,,,,,,,0.01,"GBP",,
Market sell,2025-09-16 15:00:18,US01609W1027,BABA,"Alibaba",,EOF38855098267,0.6037627700,159.9400000000,USD,1.36565998,26.55,"GBP",70.60,"GBP",,,,,,,,,0.11,"GBP",,
Market sell,2025-09-16 15:00:47,US58733R1023,MELI,"MercadoLibre",,EOF38855098423,0.0279678000,2357.2400000000,USD,1.36550987,8.98,"GBP",48.21,"GBP",,,,,,,,,0.07,"GBP",,
Market sell,2025-09-16 15:00:48,US88032Q1094,TCEHY,"Tencent",,EOF38855098430,0.0164182900,83.1700000000,USD,1.36550917,0.36,"GBP",1.00,"GBP",,,,,,,,,,,,
Market buy,2025-09-16 15:00:48,US5949181045,MSFT,"Microsoft",,EOF38855098442,0.1651331100,513.3900000000,USD,1.36561996,,,62.17,"GBP",,,,,,,,,0.09,"GBP",,
Market buy,2025-09-16 15:00:48,IE00B3XXRP09,VUSA,"Vanguard S&P 500 (Dist)",,EOF38855098445,1.6116492500,91.8500100000,GBP,1.00000000,,,148.03,"GBP",,,,,,,,,,,,
Market buy,2025-09-16 15:00:49,US0378331005,AAPL,"Apple",,EOF38855098451,0.1226126600,238.7900000000,USD,1.36560993,,,21.47,"GBP",,,,,,,,,0.03,"GBP",,
Market buy,2025-09-16 15:00:49,US0231351067,AMZN,"Amazon",,EOF38855098454,0.1673779200,234.6500000000,USD,1.36561992,,,28.80,"GBP",,,,,,,,,0.04,"GBP",,
Market buy,2025-09-16 15:00:49,US67066G1040,NVDA,"Nvidia",,EOF38855098448,0.1628453500,176.4400000000,USD,1.36560995,,,21.07,"GBP",,,,,,,,,0.03,"GBP",,
Market buy,2025-09-16 15:00:52,US38141G1040,GS,"Goldman Sachs",,EOF38855098472,0.2218521700,781.3900000000,USD,1.36562995,,,127.13,"GBP",,,,,,,,,0.19,"GBP",,
Market buy,2025-09-16 15:00:53,US46625H1005,JPM,"JPMorgan Chase & Co",,EOF38855098478,0.0512894300,308.0600000000,USD,1.36561986,,,11.59,"GBP",,,,,,,,,0.02,"GBP",,
Market buy,2025-09-16 15:00:55,US30303M1027,META,"Meta Platforms",,EOF38855098493,0.0573955200,769.0000000000,USD,1.36562979,,,32.37,"GBP",,,,,,,,,0.05,"GBP",,
Dividend (Dividend),2025-09-18 08:32:06,US74348T1025,PSEC,"Prospect Capital",,,4.6170368500,0.038250,USD,0.73612000,,,0.13,"GBP",0.03,USD,,,,,,,,,,
Dividend (Dividend),2025-09-18 08:36:53,IE0032077012,EQQQ,"Invesco EQQQ Nasdaq-100 (Dist)",,,0.4451569500,30.989851,GBX,0.01000000,,,0.14,"GBP",0.00,GBX,,,,,,,,,,
Dividend (Dividend),2025-09-24 11:35:55,IE00B2NPKV68,SEMB,"iShares J.P. Morgan USD EM Bond (Dist)",,,0.0973897400,31.346709,GBX,0.01000000,,,0.03,"GBP",0.00,GBX,,,,,,,,,,
Dividend (Dividend),2025-09-26 12:52:54,US56035L1044,MAIN,"Main Street Capital",,,0.1281320000,0.255000,USD,0.74872200,,,0.02,"GBP",0.01,USD,,,,,,,,,,
Dividend (Dividend),2025-09-29 12:04:04,US74144T1088,TROW,"T Rowe Price",,,0.0810365000,1.079500,USD,0.74420800,,,0.07,"GBP",0.02,USD,,,,,,,,,,
Dividend (Dividend),2025-09-29 12:19:31,US38141G1040,GS,"Goldman Sachs",,,0.2937838800,3.400000,USD,0.74408600,,,0.74,"GBP",0.18,USD,,,,,,,,,,
Dividend (Dividend),2025-09-29 12:34:47,US30303M1027,META,"Meta Platforms",,,1.1295020600,0.446250,USD,0.74410300,,,0.38,"GBP",0.09,USD,,,,,,,,,,
Dividend (Dividend),2025-09-30 13:03:15,US09259E1082,TCPC,"BlackRock TCP Capital",,,1.7547900000,0.212500,USD,0.74348900,,,0.28,"GBP",0.07,USD,,,,,,,,,,
Dividend (Dividend),2025-09-30 13:42:10,US5021751020,LTC,"LTC Properties",,,0.2455999300,0.161500,USD,0.74352800,,,0.03,"GBP",0.01,USD,,,,,,,,,,
Dividend (Dividend),2025-09-30 13:54:39,IE00B7N3YW49,SSHY,"PIMCO US Short-Term High Yield Corporate Bond (Dist)",,,0.0443060000,0.367127,GBP,1.00000000,,,0.02,"GBP",0.00,GBP,,,,,,,,,,
Dividend (Dividend),2025-09-30 14:10:13,US09259E1082,TCPC,"BlackRock TCP Capital",,,1.7547900000,0.034000,USD,0.74364400,,,0.04,"GBP",0.01,USD,,,,,,,,,,
Dividend (Dividend),2025-10-01 11:59:58,IE00BDD48R20,VUSC,"Vanguard USD Corporate 1-3 Year Bond (Dist)",,,0.0883417800,0.145400,EUR,0.87373000,,,0.01,"GBP",-0.00,EUR,,,,,,,,,,
Dividend (Dividend),2025-10-01 12:19:39,IE00B42WWV65,VGOV,"Vanguard U.K. Gilt (Dist)",,,0.4662150000,0.053822,GBP,1.00000000,,,0.03,"GBP",0.00,GBP,,,,,,,,,,
Dividend (Dividend),2025-10-01 12:46:42,IE00B3XXRP09,VUSA,"Vanguard S&P 500 (Dist)",,,5.5363737100,0.223815,GBP,1.00000000,,,1.24,"GBP",0.00,GBP,,,,,,,,,,
Dividend (Dividend),2025-10-02 14:26:05,US67066G1040,NVDA,"Nvidia",,,2.7885001100,0.008500,USD,0.74182900,,,0.02,"GBP",0.00,USD,,,,,,,,,,
Dividend (Dividend),2025-10-03 12:16:38,CA1363851017,CNQ,"Canadian Natural Resources",,,0.2723505100,0.357524,USD,0.74428600,,,0.07,"GBP",0.02,USD,,,,,,,,,,
Dividend (Dividend),2025-10-09 11:21:13,US00123Q1040,AGNC,"AGNC Investment",,,1.3806123100,0.102000,USD,0.74772500,,,0.11,"GBP",0.02,USD,,,,,,,,,,
Dividend (Dividend),2025-10-09 11:58:38,US79466L3024,CRM,"Salesforce",,,2.5355160500,0.353600,USD,0.74617400,,,0.67,"GBP",0.16,USD,,,,,,,,,,
Dividend (Dividend),2025-10-14 09:28:35,US0084921008,ADC,"Agree Realty",,,0.0824961600,0.217600,USD,0.75052000,,,0.01,"GBP",0.00,USD,,,,,,,,,,
Dividend (Dividend),2025-10-15 13:31:15,US7561091049,O,"Realty Income",,,0.1342730000,0.229075,USD,0.74861500,,,0.02,"GBP",0.01,USD,,,,,,,,,,
Dividend (Dividend),2025-10-15 14:23:25,US85254J1025,STAG,"STAG Industrial",,,0.1502270000,0.105542,USD,0.74821700,,,0.01,"GBP",0.00,USD,,,,,,,,,,
Dividend (Dividend),2025-10-15 14:37:08,US56035L1044,MAIN,"Main Street Capital",,,0.1281320000,0.216750,USD,0.74834100,,,0.02,"GBP",0.00,USD,,,,,,,,,,
Dividend (Dividend),2025-10-17 12:14:47,IE00BTN1Y115,MDT,"Medtronic",,,0.0645505500,0.532500,USD,0.74336200,,,0.03,"GBP",0.01,USD,,,,,,,,,,
Dividend (Dividend),2025-10-22 11:27:04,US74348T1025,PSEC,"Prospect Capital",,,4.6170368500,0.038250,USD,0.74954100,,,0.13,"GBP",0.03,USD,,,,,,,,,,
Stock split close,2025-10-27 07:44:22,US83548F4081,SONM,"Sonim Technologies",,EOF40852096779,0.4807736000,143.9970910000,USD,1.38459999,0.00,"GBP",50.00,"GBP",,,,,,,,,,,,
Stock split open,2025-10-27 07:44:22,US83548F4081,SONM,"Sonim Technologies",,EOF40852096784,0.0267096400,2591.9480756800,USD,1.38460000,,,50.00,"GBP",,,,,,,,,,,,
Dividend (Dividend),2025-10-28 10:56:35,US38147U1079,GSBD,"Goldman Sachs BDC",,,0.9492567900,0.136000,USD,0.75085200,,,0.10,"GBP",0.02,USD,,,,,,,,,,
Dividend (Dividend),2025-10-28 10:57:56,US38147U1079,GSBD,"Goldman Sachs BDC",,,0.9492567900,0.272000,USD,0.74905200,,,0.19,"GBP",0.05,USD,,,,,,,,,,
Dividend (Dividend),2025-10-29 13:55:14,IE00BDD48R20,VUSC,"Vanguard USD Corporate 1-3 Year Bond (Dist)",,,0.0883417800,0.154549,EUR,0.87961000,,,0.01,"GBP",-0.00,EUR,,,,,,,,,,
Dividend (Dividend),2025-10-29 14:02:16,CA0641491075,BNS,"Bank of Nova Scotia",,,0.1993913700,0.670953,USD,0.75563500,,,0.10,"GBP",0.02,USD,,,,,,,,,,
Dividend (Dividend),2025-10-29 14:12:21,IE00B2NPKV68,SEMB,"iShares J.P. Morgan USD EM Bond (Dist)",,,0.0973897400,34.280962,GBX,0.01000000,,,0.03,"GBP",-0.00,GBX,,,,,,,,,,
Dividend (Dividend),2025-10-29 14:14:01,IE00B42WWV65,VGOV,"Vanguard U.K. Gilt (Dist)",,,0.4662150000,0.054400,GBP,1.00000000,,,0.03,"GBP",0.00,GBP,,,,,,,,,,
Dividend (Dividend),2025-10-31 11:39:19,US46625H1005,JPM,"JPMorgan Chase & Co",,,1.4400421700,1.275000,USD,0.76076900,,,1.40,"GBP",0.32,USD,,,,,,,,,,
Dividend (Dividend),2025-10-31 12:16:05,IE00B7N3YW49,SSHY,"PIMCO US Short-Term High Yield Corporate Bond (Dist)",,,0.0443060000,0.394625,GBP,1.00000000,,,0.02,"GBP",-0.00,GBP,,,,,,,,,,
Dividend (Dividend),2025-10-31 12:39:05,US5021751020,LTC,"LTC Properties",,,0.2455999300,0.161500,USD,0.76167800,,,0.03,"GBP",0.01,USD,,,,,,,,,,
Dividend (Dividend),2025-11-03 14:26:56,US00206R1023,T,"AT&T",,,0.2738220000,0.235875,USD,0.76085000,,,0.05,"GBP",0.01,USD,,,,,,,,,,
Market sell,2025-11-04 16:26:36,US67066G1040,NVDA,"Nvidia",,EOF41357890778,0.2796282200,201.1200000000,USD,1.30423997,20.31,"GBP",43.06,"GBP",,,,,,,,,0.06,"GBP",,
Market sell,2025-11-04 16:26:36,US02079K3059,GOOGL,"Alphabet (Class A)",,EOF41357890782,0.2915629800,278.6400000000,USD,1.30423998,29.04,"GBP",62.20,"GBP",,,,,,,,,0.09,"GBP",,
Market sell,2025-11-04 16:26:36,US0378331005,AAPL,"Apple",,EOF41357890786,0.2594709500,270.8800000000,USD,1.30423995,13.88,"GBP",53.81,"GBP",,,,,,,,,0.08,"GBP",,
Market sell,2025-11-04 16:26:36,US79466L3024,CRM,"Salesforce",,EOF41357890788,2.5355160500,255.5000000000,USD,1.30436183,-10.01,"GBP",495.92,"GBP",,,,,,,,,0.74,"GBP",,
Market sell,2025-11-04 16:26:36,IE000I8KRLL9,SEC0,"iShares MSCI Global Semiconductors (Acc)",,EOF41357890792,6.6165699300,9.5550000000,EUR,1.13482903,23.09,"GBP",55.63,"GBP",,,,,,,,,0.08,"GBP",,
Market sell,2025-11-04 16:26:38,US0231351067,AMZN,"Amazon",,EOF41357890804,0.1779787000,252.4500000000,USD,1.30422998,11.48,"GBP",34.40,"GBP",,,,,,,,,0.05,"GBP",,
Market sell,2025-11-04 16:26:38,US01609W1027,BABA,"Alibaba",,EOF41357890812,0.0078886400,165.3300000000,USD,1.30422885,0.42,"GBP",1.00,"GBP",,,,,,,,,,,,
Market sell,2025-11-04 16:26:48,US0567521085,BIDU,"Baidu",,EOF41357890849,0.0189465500,126.6500000000,USD,1.30411986,0.41,"GBP",1.84,"GBP",,,,,,,,,,,,
Market buy,2025-11-04 16:26:48,US30303M1027,META,"Meta Platforms",,EOF41357890865,0.5740055700,631.2000000000,USD,1.30421999,,,278.22,"GBP",,,,,,,,,0.42,"GBP",,
Market buy,2025-11-04 16:26:48,US46625H1005,JPM,"JPMorgan Chase & Co",,EOF41357890860,0.3235977700,310.5000000000,USD,1.30421998,,,77.16,"GBP",,,,,,,,,0.12,"GBP",,
Market buy,2025-11-04 16:26:48,IE00B3XXRP09,VUSA,"Vanguard S&P 500 (Dist)",,EOF41357890868,1.4191883400,98.8100000000,GBP,1.00000000,,,140.23,"GBP",,,,,,,,,,,,
Market buy,2025-11-04 16:26:49,US5949181045,MSFT,"Microsoft",,EOF41357890873,0.0650720700,513.4900000000,USD,1.30420988,,,25.66,"GBP",,,,,,,,,0.04,"GBP",,
Market buy,2025-11-04 16:26:49,US88032Q1094,TCEHY,"Tencent",,EOF41357890876,0.2526927000,80.9800000000,USD,1.30420999,,,15.71,"GBP",,,,,,,,,0.02,"GBP",,
Market buy,2025-11-04 16:26:53,US58733R1023,MELI,"MercadoLibre",,EOF41357890898,0.0035141000,2334.4100000000,USD,1.30418921,,,6.30,"GBP",,,,,,,,,0.01,"GBP",,
Market buy,2025-11-04 16:27:01,US38141G1040,GS,"Goldman Sachs",,EOF41357890943,0.2276697900,796.8900000000,USD,1.30410996,,,139.33,"GBP",,,,,,,,,0.21,"GBP",,
ADR Fee,2025-11-06 07:56:07,,Baidu,,,,1.41382656,-0.02000000,USD,0.76610700,,,-0.02,,,,,,,,,,,,2025-11-05,-0.02
Dividend (Dividend),2025-11-07 14:39:05,GB0002875804,BATS,"British American Tobacco",,,0.2676777000,60.060000,GBX,0.01000000,,,0.16,"GBP",0.00,GBX,,,,,,,,,,
Dividend (Dividend),2025-11-12 09:47:30,US00123Q1040,AGNC,"AGNC Investment",,,1.3806123100,0.102000,USD,0.76074000,,,0.11,"GBP",0.02,USD,,,,,,,,,,
Dividend (Dividend),2025-11-13 11:06:18,US0378331005,AAPL,"Apple",,,2.6461940200,0.221000,USD,0.76309700,,,0.45,"GBP",0.10,USD,,,,,,,,,,
Market buy,2025-11-13 11:07:03,IE00B3XXRP09,VUSA,"Vanguard S&P 500 (Dist)",,EOF41762332998,0.0703797400,98.7500000000,GBP,1.00000000,,,6.95,"GBP",,,,,,,,,,,,
Market buy,2025-11-13 11:07:07,IE000I8KRLL9,SEC0,"iShares MSCI Global Semiconductors (Acc)",,EOF41762333001,0.4161237400,9.4170000000,EUR,1.13255412,,,3.47,"GBP",,,,,,,,,0.01,"GBP",,
Market buy,2025-11-13 13:00:31,US88032Q1094,TCEHY,"Tencent",,EOF41762348098,0.0426850600,85.8500000000,USD,1.31816992,,,2.78,"GBP",,,,,,,,,,,,
Market buy,2025-11-13 14:30:03,US0567521085,BIDU,"Baidu",,EOF41802016722,0.0143478600,127.5900000000,USD,1.31700968,,,1.39,"GBP",,,,,,,,,,,,
Market buy,2025-11-13 14:30:03,US5949181045,MSFT,"Microsoft",,EOF41802016725,0.0214689000,511.0000000000,USD,1.31699974,,,8.34,"GBP",,,,,,,,,0.01,"GBP",,
Market buy,2025-11-13 14:30:03,US30303M1027,META,"Meta Platforms",,EOF41802016728,0.0178850500,613.4000000000,USD,1.31700956,,,8.34,"GBP",,,,,,,,,0.01,"GBP",,
Market buy,2025-11-13 14:30:03,US58733R1023,MELI,"MercadoLibre",,EOF41802016731,0.0008729700,2097.0000000000,USD,1.31699143,,,1.39,"GBP",,,,,,,,,,,,
Market buy,2025-11-13 14:30:03,US67066G1040,NVDA,"Nvidia",,EOF41802016734,0.0286636000,191.1400000000,USD,1.31700973,,,4.17,"GBP",,,,,,,,,0.01,"GBP",,
Market buy,2025-11-13 14:30:03,US0378331005,AAPL,"Apple",,EOF41802016737,0.0266484500,274.2900000000,USD,1.31700961,,,5.56,"GBP",,,,,,,,,0.01,"GBP",,
Market buy,2025-11-13 14:30:03,US02079K3059,GOOGL,"Alphabet (Class A)",,EOF41802016719,0.0388312600,282.5200000000,USD,1.31699970,,,8.34,"GBP",,,,,,,,,0.01,"GBP",,
Market buy,2025-11-13 14:30:03,US0231351067,AMZN,"Amazon",,EOF41802016740,0.0450667900,243.4300000000,USD,1.31699984,,,8.34,"GBP",,,,,,,,,0.01,"GBP",,
Market buy,2025-11-13 14:30:03,US38141G1040,GS,"Goldman Sachs",,EOF41802016743,0.0043847400,835.0000000000,USD,1.31699924,,,2.78,"GBP",,,,,,,,,,,,
Market buy,2025-11-13 14:30:09,US46625H1005,JPM,"JPMorgan Chase & Co",,EOF41802032979,0.0171209900,320.0000000000,USD,1.31699923,,,4.17,"GBP",,,,,,,,,0.01,"GBP",,
Market buy,2025-11-13 14:34:11,US01609W1027,BABA,"Alibaba",,EOF41802046763,0.0279075500,163.3000000000,USD,1.31713957,,,3.47,"GBP",,,,,,,,,0.01,"GBP",,
Dividend (Dividend),2025-11-14 11:13:38,US56035L1044,MAIN,"Main Street Capital",,,0.1281320000,0.216750,USD,0.76213700,,,0.02,"GBP",0.00,USD,,,,,,,,,,
Dividend (Dividend),2025-11-14 11:34:42,US0084921008,ADC,"Agree Realty",,,0.0824961600,0.222700,USD,0.76034600,,,0.01,"GBP",0.00,USD,,,,,,,,,,
Dividend (Dividend),2025-11-14 11:58:53,US7561091049,O,"Realty Income",,,0.1342730000,0.229075,USD,0.76030600,,,0.02,"GBP",0.01,USD,,,,,,,,,,
Dividend (Dividend),2025-11-17 10:53:53,US85254J1025,STAG,"STAG Industrial",,,0.1502270000,0.105542,USD,0.75920300,,,0.01,"GBP",0.00,USD,,,,,,,,,,
Dividend (Dividend),2025-11-18 10:34:01,US74348T1025,PSEC,"Prospect Capital",,,4.6170368500,0.038250,USD,0.76010400,,,0.13,"GBP",0.03,USD,,,,,,,,,,
Dividend (Dividend),2025-11-24 11:54:19,CA7800871021,RY,"Royal Bank of Canada",,,0.0621065000,0.928237,USD,0.76342300,,,0.04,"GBP",0.01,USD,,,,,,,,,,
Dividend (Dividend),2025-11-26 13:05:57,IE00B2NPKV68,SEMB,"iShares J.P. Morgan USD EM Bond (Dist)",,,0.0973897400,36.307809,GBX,0.01000000,,,0.04,"GBP",-0.00,GBX,,,,,,,,,,
Dividend (Dividend),2025-11-26 13:22:47,CA0636711016,BMO,"Bank of Montreal",,,0.0965318500,0.984334,USD,0.75886900,,,0.07,"GBP",0.02,USD,,,,,,,,,,
Dividend (Dividend),2025-11-26 14:17:29,IE00B1TXK627,DH2O,"iShares Global Water (Dist)",,,3.2794093000,0.534100,USD,0.75829400,,,1.33,"GBP",0.00,USD,,,,,,,,,,
Dividend (Dividend),2025-11-28 12:22:20,IE00B7N3YW49,SSHY,"PIMCO US Short-Term High Yield Corporate Bond (Dist)",,,0.0443060000,0.484602,GBP,1.00000000,,,0.02,"GBP",-0.00,GBP,,,,,,,,,,
Dividend (Dividend),2025-11-28 12:52:12,US5021751020,LTC,"LTC Properties",,,0.2455999300,0.161500,USD,0.75651500,,,0.03,"GBP",0.01,USD,,,,,,,,,,
Market sell,2025-12-03 08:00:32,GB0002875804,BATS,"British American Tobacco",,EOF42759900409,0.0327906400,4361.0000000000,GBX,100.00000000,0.51,"GBP",1.43,"GBP",,,,,,,,,,,,
Market sell,2025-12-03 08:07:56,IE00B2NPKV68,SEMB,"iShares J.P. Morgan USD EM Bond (Dist)",,EOF42759914703,0.0141823800,7051.0000000000,GBX,100.00000000,0.04,"GBP",1.00,"GBP",,,,,,,,,,,,
Dividend (Dividend),2025-12-03 10:24:52,IE00BDD48R20,VUSC,"Vanguard USD Corporate 1-3 Year Bond (Dist)",,,0.0883417800,0.180596,EUR,0.87910000,,,0.01,"GBP",-0.00,EUR,,,,,,,,,,
Dividend (Dividend),2025-12-03 10:26:26,IE00B42WWV65,VGOV,"Vanguard U.K. Gilt (Dist)",,,0.4662150000,0.068309,GBP,1.00000000,,,0.03,"GBP",0.00,GBP,,,,,,,,,,
Market sell,2025-12-03 14:30:05,CA0641491075,BNS,"Bank of Nova Scotia",,EOF42802091510,0.0360115300,70.5100000000,USD,1.32940993,0.47,"GBP",1.91,"GBP",,,,,,,,,,,,
Market sell,2025-12-03 14:30:05,US00123Q1040,AGNC,"AGNC Investment",,EOF42802091513,0.1267321200,10.4900000000,USD,1.32941993,0.04,"GBP",1.00,"GBP",,,,,,,,,,,,
Market sell,2025-12-03 14:30:09,CA0636711016,BMO,"Bank of Montreal",,EOF42804058692,0.0105702400,125.7700000000,USD,1.32941908,0.21,"GBP",1.00,"GBP",,,,,,,,,,,,
Market sell,2025-12-03 14:30:09,US46625H1005,JPM,"JPMorgan Chase & Co",,EOF42804058683,0.0043247200,307.4000000000,USD,1.32941892,0.27,"GBP",1.00,"GBP",,,,,,,,,,,,
Market sell,2025-12-03 14:30:09,CA1363851017,CNQ,"Canadian Natural Resources",,EOF42804058689,0.0394838100,33.6700000000,USD,1.32941988,0.04,"GBP",1.00,"GBP",,,,,,,,,,,,
Market sell,2025-12-03 14:30:09,CA7800871021,RY,"Royal Bank of Canada",,EOF42804058686,0.0085515200,155.4600000000,USD,1.32941929,0.21,"GBP",1.00,"GBP",,,,,,,,,,,,
Market buy,2025-12-03 14:30:26,US38147U1079,GSBD,"Goldman Sachs BDC",,EOF42804064596,0.1927736400,10.0700000000,USD,1.32960996,,,1.46,"GBP",,,,,,,,,,,,
Market buy,2025-12-03 14:30:28,US7561091049,O,"Realty Income",,EOF42804064684,0.0241583500,57.7900000000,USD,1.32962956,,,1.05,"GBP",,,,,,,,,,,,
Market buy,2025-12-03 14:30:30,US09259E1082,TCPC,"BlackRock TCP Capital",,EOF42804064781,0.8988670700,6.0500000000,USD,1.32961999,,,4.10,"GBP",,,,,,,,,0.01,"GBP",,
Market buy,2025-12-03 14:30:33,US74348T1025,PSEC,"Prospect Capital",,EOF42804064939,1.4302949900,2.6400000000,USD,1.32956999,,,2.84,"GBP",,,,,,,,,,,,
Market buy,2025-12-03 14:31:03,US00206R1023,T,"AT&T",,EOF42804066493,0.0824196400,25.6500000000,USD,1.32959985,,,1.59,"GBP",,,,,,,,,,,,
Market buy,2025-12-03 14:31:32,IE00B42WWV65,VGOV,"Vanguard U.K. Gilt (Dist)",,EOF42804068009,0.0688158700,16.1300000000,GBP,1.00000000,,,1.11,"GBP",,,,,,,,,,,,
Market buy,2025-12-03 14:32:04,US56035L1044,MAIN,"Main Street Capital",,EOF42804068621,0.0282258600,58.4300000000,USD,1.33002983,,,1.24,"GBP",,,,,,,,,,,,
Dividend (Dividend),2025-12-09 15:40:41,US00123Q1040,AGNC,"AGNC Investment",,,1.3806123100,0.102000,USD,0.75016500,,,0.11,"GBP",0.02,USD,,,,,,,,,,
Dividend (Dividend),2025-12-10 14:20:26,US4592001014,IBM,"IBM",,,0.0355622500,1.428000,USD,0.75055400,,,0.04,"GBP",0.01,USD,,,,,,,,,,
Dividend (Dividend),2025-12-11 15:19:05,US5949181045,MSFT,"Microsoft",,,2.1158133700,0.773500,USD,0.74764700,,,1.22,"GBP",0.29,USD,,,,,,,,,,
Dividend (Dividend),2025-12-12 12:30:32,US0084921008,ADC,"Agree Realty",,,0.0824961600,0.222700,USD,0.74704400,,,0.01,"GBP",0.00,USD,,,,,,,,,,
Dividend (Dividend),2025-12-15 14:19:02,US38147U1079,GSBD,"Goldman Sachs BDC",,,0.9492567900,0.034000,USD,0.74756900,,,0.02,"GBP",0.01,USD,,,,,,,,,,
Dividend (Dividend),2025-12-15 14:45:13,US02079K3059,GOOGL,"Alphabet (Class A)",,,3.8977576000,0.178500,USD,0.74789800,,,0.52,"GBP",0.12,USD,,,,,,,,,,
Dividend (Dividend),2025-12-15 15:21:36,US56035L1044,MAIN,"Main Street Capital",,,0.1563578600,0.216750,USD,0.74834100,,,0.03,"GBP",0.01,USD,,,,,,,,,,
Dividend (Dividend),2025-12-15 15:37:02,US85254J1025,STAG,"STAG Industrial",,,0.1502270000,0.105542,USD,0.74837400,,,0.01,"GBP",0.00,USD,,,,,,,,,,
Dividend (Dividend),2025-12-15 15:58:46,US7561091049,O,"Realty Income",,,0.1342730000,0.229075,USD,0.74814500,,,0.02,"GBP",0.01,USD,,,,,,,,,,
Dividend (Dividend),2025-12-18 11:32:04,US74348T1025,PSEC,"Prospect Capital",,,4.6170368500,0.038250,USD,0.74800500,,,0.13,"GBP",0.03,USD,,,,,,,,,,
Dividend (Dividend),2025-12-18 11:40:11,IE0032077012,EQQQ,"Invesco EQQQ Nasdaq-100 (Dist)",,,0.4451569500,31.046607,GBX,0.01000000,,,0.14,"GBP",0.00,GBX,,,,,,,,,,
Dividend (Dividend),2025-12-23 12:26:11,US30303M1027,META,"Meta Platforms",,,1.7213926800,0.446250,USD,0.74141600,,,0.57,"GBP",0.14,USD,,,,,,,,,,
Dividend (Dividend),2025-12-24 14:02:08,IE00BYWZ0333,RBOD,"iShares Automation & Robotics (Dist)",,,25.2395855500,0.010900,USD,0.73962900,,,0.20,"GBP",0.00,USD,,,,,,,,,,
Dividend (Dividend),2025-12-24 14:25:39,IE00B2NPKV68,SEMB,"iShares J.P. Morgan USD EM Bond (Dist)",,,0.0832073600,30.840914,GBX,0.01000000,,,0.03,"GBP",0.00,GBX,,,,,,,,,,
Dividend (Dividend),2025-12-26 12:49:03,US67066G1040,NVDA,"Nvidia",,,2.7003808400,0.008500,USD,0.74151000,,,0.02,"GBP",0.00,USD,,,,,,,,,,
Dividend (Dividend),2025-12-29 14:46:32,US56035L1044,MAIN,"Main Street Capital",,,0.1563578600,0.255000,USD,0.74130100,,,0.03,"GBP",0.01,USD,,,,,,,,,,
Dividend (Dividend),2025-12-30 15:15:32,US74144T1088,TROW,"T Rowe Price",,,0.0810365000,1.079500,USD,0.74014900,,,0.06,"GBP",0.02,USD,,,,,,,,,,
Dividend (Dividend),2025-12-30 15:25:51,US38141G1040,GS,"Goldman Sachs",,,0.7476905800,3.400000,USD,0.74005600,,,1.88,"GBP",0.45,USD,,,,,,,,,,
Dividend (Dividend),2025-12-31 14:07:58,IE00BDD48R20,VUSC,"Vanguard USD Corporate 1-3 Year Bond (Dist)",,,0.0883417800,0.144117,EUR,0.87306000,,,0.01,"GBP",-0.00,EUR,,,,,,,,,,
Dividend (Dividend),2025-12-31 14:21:04,IE00B7N3YW49,SSHY,"PIMCO US Short-Term High Yield Corporate Bond (Dist)",,,0.0443060000,0.377048,GBP,1.00000000,,,0.02,"GBP",0.00,GBP,,,,,,,,,,
Dividend (Dividend),2025-12-31 14:24:33,IE00B42WWV65,VGOV,"Vanguard U.K. Gilt (Dist)",,,0.5350308700,0.053913,GBP,1.00000000,,,0.03,"GBP",0.00,GBP,,,,,,,,,,
Dividend (Dividend),2025-12-31 14:45:37,US09259E1082,TCPC,"BlackRock TCP Capital",,,2.6536570700,0.212500,USD,0.74441900,,,0.42,"GBP",0.10,USD,,,,,,,,,,
Dividend (Dividend),2025-12-31 15:05:59,IE00B3XXRP09,VUSA,"Vanguard S&P 500 (Dist)",,,7.0259417900,0.222260,GBP,1.00000000,,,1.56,"GBP",-0.00,GBP,,,,,,,,,,
Dividend (Dividend),2025-12-31 16:08:11,US5021751020,LTC,"LTC Properties",,,0.2455999300,0.161500,USD,0.74302500,,,0.03,"GBP",0.01,USD,,,,,,,,,,